Quality,Day,Product code,Year,Period over which rainfall was measured (days),Bureau of Meteorology station number,Rainfall amount (millimetres),Month
Y,1,IDCJAC0009,2005,1,31063,5.4,1
Y,2,IDCJAC0009,2005,1,31063,4.4,1
Y,3,IDCJAC0009,2005,1,31063,3.2,1
Y,4,IDCJAC0009,2005,,31063,0,1
Y,5,IDCJAC0009,2005,,31063,0,1
Y,6,IDCJAC0009,2005,,31063,0,1
Y,7,IDCJAC0009,2005,1,31063,8.4,1
Y,8,IDCJAC0009,2005,1,31063,6.6,1
Y,9,IDCJAC0009,2005,1,31063,19.6,1
Y,10,IDCJAC0009,2005,1,31063,67.6,1
Y,11,IDCJAC0009,2005,1,31063,2.6,1
Y,12,IDCJAC0009,2005,1,31063,0.8,1
Y,13,IDCJAC0009,2005,,31063,0,1
Y,14,IDCJAC0009,2005,,31063,0,1
Y,15,IDCJAC0009,2005,,31063,0,1
Y,16,IDCJAC0009,2005,,31063,0,1
Y,17,IDCJAC0009,2005,1,31063,20.8,1
Y,18,IDCJAC0009,2005,,31063,0,1
Y,19,IDCJAC0009,2005,1,31063,6.4,1
Y,20,IDCJAC0009,2005,1,31063,91.4,1
Y,21,IDCJAC0009,2005,1,31063,31.4,1
Y,22,IDCJAC0009,2005,1,31063,113.8,1
Y,23,IDCJAC0009,2005,1,31063,19,1
Y,24,IDCJAC0009,2005,1,31063,1,1
Y,25,IDCJAC0009,2005,1,31063,10.4,1
Y,26,IDCJAC0009,2005,1,31063,1.4,1
Y,27,IDCJAC0009,2005,1,31063,25.8,1
Y,28,IDCJAC0009,2005,1,31063,2.2,1
Y,29,IDCJAC0009,2005,,31063,0,1
Y,30,IDCJAC0009,2005,1,31063,61.6,1
Y,31,IDCJAC0009,2005,,31063,0,1
Y,1,IDCJAC0009,2005,,31063,0,2
Y,2,IDCJAC0009,2005,,31063,0,2
Y,3,IDCJAC0009,2005,,31063,0,2
Y,4,IDCJAC0009,2005,,31063,0,2
Y,5,IDCJAC0009,2005,,31063,0,2
Y,6,IDCJAC0009,2005,1,31063,7.2,2
Y,7,IDCJAC0009,2005,1,31063,73.4,2
Y,8,IDCJAC0009,2005,1,31063,2.8,2
Y,9,IDCJAC0009,2005,1,31063,0.8,2
Y,10,IDCJAC0009,2005,,31063,0,2
Y,11,IDCJAC0009,2005,,31063,0,2
Y,12,IDCJAC0009,2005,,31063,0,2
Y,13,IDCJAC0009,2005,,31063,0,2
Y,14,IDCJAC0009,2005,1,31063,2.6,2
Y,15,IDCJAC0009,2005,,31063,0,2
Y,16,IDCJAC0009,2005,1,31063,81.8,2
Y,17,IDCJAC0009,2005,,31063,0,2
Y,18,IDCJAC0009,2005,,31063,0,2
Y,19,IDCJAC0009,2005,,31063,0,2
Y,20,IDCJAC0009,2005,,31063,0,2
Y,21,IDCJAC0009,2005,,31063,0,2
Y,22,IDCJAC0009,2005,,31063,0,2
Y,23,IDCJAC0009,2005,,31063,0,2
Y,24,IDCJAC0009,2005,,31063,0,2
Y,25,IDCJAC0009,2005,,31063,0,2
Y,26,IDCJAC0009,2005,,31063,0,2
Y,27,IDCJAC0009,2005,,31063,0,2
Y,28,IDCJAC0009,2005,,31063,0,2
Y,1,IDCJAC0009,2005,1,31063,2.4,3
Y,2,IDCJAC0009,2005,1,31063,5.8,3
Y,3,IDCJAC0009,2005,1,31063,8.2,3
Y,4,IDCJAC0009,2005,1,31063,8.8,3
Y,5,IDCJAC0009,2005,,31063,0,3
Y,6,IDCJAC0009,2005,,31063,0,3
Y,7,IDCJAC0009,2005,,31063,0,3
Y,8,IDCJAC0009,2005,,31063,0,3
Y,9,IDCJAC0009,2005,1,31063,1.2,3
Y,10,IDCJAC0009,2005,1,31063,17.2,3
Y,11,IDCJAC0009,2005,1,31063,8.6,3
Y,12,IDCJAC0009,2005,1,31063,286.8,3
Y,13,IDCJAC0009,2005,1,31063,66.8,3
Y,14,IDCJAC0009,2005,1,31063,3,3
,15,IDCJAC0009,2005,,31063,,3
,16,IDCJAC0009,2005,2,31063,100.2,3
,17,IDCJAC0009,2005,,31063,0,3
,18,IDCJAC0009,2005,1,31063,5.4,3
,19,IDCJAC0009,2005,,31063,0,3
,20,IDCJAC0009,2005,,31063,0,3
,21,IDCJAC0009,2005,,31063,0,3
,22,IDCJAC0009,2005,,31063,0,3
,23,IDCJAC0009,2005,,31063,0,3
,24,IDCJAC0009,2005,,31063,0,3
,25,IDCJAC0009,2005,,31063,0,3
,26,IDCJAC0009,2005,,31063,0,3
,27,IDCJAC0009,2005,,31063,0,3
,28,IDCJAC0009,2005,1,31063,10,3
,29,IDCJAC0009,2005,,31063,0,3
,30,IDCJAC0009,2005,,31063,0,3
,31,IDCJAC0009,2005,1,31063,1.2,3
,1,IDCJAC0009,2005,1,31063,6.6,4
,2,IDCJAC0009,2005,1,31063,33.8,4
,3,IDCJAC0009,2005,1,31063,11.6,4
,4,IDCJAC0009,2005,1,31063,1.4,4
,5,IDCJAC0009,2005,1,31063,3.8,4
,6,IDCJAC0009,2005,1,31063,4.2,4
,7,IDCJAC0009,2005,1,31063,2.8,4
,8,IDCJAC0009,2005,1,31063,6.6,4
,9,IDCJAC0009,2005,1,31063,10,4
,10,IDCJAC0009,2005,1,31063,8.4,4
,11,IDCJAC0009,2005,1,31063,34.2,4
,12,IDCJAC0009,2005,1,31063,14.4,4
,13,IDCJAC0009,2005,1,31063,2.4,4
,14,IDCJAC0009,2005,1,31063,12,4
,15,IDCJAC0009,2005,1,31063,2.8,4
,16,IDCJAC0009,2005,,31063,0,4
,17,IDCJAC0009,2005,,31063,0,4
,18,IDCJAC0009,2005,1,31063,4.8,4
,19,IDCJAC0009,2005,,31063,0,4
,20,IDCJAC0009,2005,,31063,0,4
,21,IDCJAC0009,2005,,31063,0,4
,22,IDCJAC0009,2005,1,31063,5.6,4
,23,IDCJAC0009,2005,1,31063,15,4
,24,IDCJAC0009,2005,1,31063,20.4,4
,25,IDCJAC0009,2005,1,31063,15.2,4
,26,IDCJAC0009,2005,1,31063,10,4
,27,IDCJAC0009,2005,1,31063,3.2,4
,28,IDCJAC0009,2005,1,31063,15.4,4
,29,IDCJAC0009,2005,1,31063,6.8,4
,30,IDCJAC0009,2005,1,31063,8.4,4
,1,IDCJAC0009,2005,1,31063,1.2,5
,2,IDCJAC0009,2005,,31063,0,5
,3,IDCJAC0009,2005,,31063,0,5
,4,IDCJAC0009,2005,1,31063,0.4,5
,5,IDCJAC0009,2005,1,31063,2.4,5
,6,IDCJAC0009,2005,1,31063,1.2,5
,7,IDCJAC0009,2005,1,31063,7.8,5
,8,IDCJAC0009,2005,,31063,0,5
,9,IDCJAC0009,2005,1,31063,3.6,5
,10,IDCJAC0009,2005,,31063,0,5
,11,IDCJAC0009,2005,1,31063,3.4,5
,12,IDCJAC0009,2005,1,31063,0.4,5
,13,IDCJAC0009,2005,,31063,0,5
,14,IDCJAC0009,2005,,31063,0,5
,15,IDCJAC0009,2005,,31063,0,5
,16,IDCJAC0009,2005,,31063,0,5
,17,IDCJAC0009,2005,,31063,0,5
,18,IDCJAC0009,2005,,31063,0,5
,19,IDCJAC0009,2005,,31063,0,5
,20,IDCJAC0009,2005,,31063,0,5
,21,IDCJAC0009,2005,,31063,0,5
,22,IDCJAC0009,2005,,31063,0,5
,23,IDCJAC0009,2005,,31063,0,5
,24,IDCJAC0009,2005,,31063,0,5
,25,IDCJAC0009,2005,1,31063,2.2,5
,26,IDCJAC0009,2005,1,31063,0.8,5
,27,IDCJAC0009,2005,,31063,0,5
,28,IDCJAC0009,2005,1,31063,1.2,5
,29,IDCJAC0009,2005,,31063,0,5
,30,IDCJAC0009,2005,,31063,0,5
,31,IDCJAC0009,2005,,31063,0,5
,1,IDCJAC0009,2005,,31063,0,6
,2,IDCJAC0009,2005,1,31063,8.4,6
,3,IDCJAC0009,2005,1,31063,2.2,6
,4,IDCJAC0009,2005,,31063,0,6
,5,IDCJAC0009,2005,1,31063,1.8,6
,6,IDCJAC0009,2005,1,31063,3.4,6
,7,IDCJAC0009,2005,1,31063,7.2,6
,8,IDCJAC0009,2005,,31063,0,6
,9,IDCJAC0009,2005,1,31063,10.8,6
,10,IDCJAC0009,2005,,31063,0,6
,11,IDCJAC0009,2005,1,31063,2.6,6
,12,IDCJAC0009,2005,,31063,0,6
,13,IDCJAC0009,2005,,31063,0,6
,14,IDCJAC0009,2005,,31063,0,6
,15,IDCJAC0009,2005,,31063,0,6
,16,IDCJAC0009,2005,,31063,0,6
,17,IDCJAC0009,2005,,31063,0,6
,18,IDCJAC0009,2005,1,31063,1.4,6
,19,IDCJAC0009,2005,1,31063,2.2,6
,20,IDCJAC0009,2005,1,31063,0.4,6
,21,IDCJAC0009,2005,,31063,0,6
,22,IDCJAC0009,2005,1,31063,1.8,6
,23,IDCJAC0009,2005,,31063,0,6
,24,IDCJAC0009,2005,,31063,0,6
,25,IDCJAC0009,2005,1,31063,3,6
,26,IDCJAC0009,2005,,31063,0,6
,27,IDCJAC0009,2005,,31063,0,6
,28,IDCJAC0009,2005,,31063,0,6
,29,IDCJAC0009,2005,,31063,0,6
,30,IDCJAC0009,2005,,31063,0,6
,1,IDCJAC0009,2005,,31063,0,7
,2,IDCJAC0009,2005,,31063,0,7
,3,IDCJAC0009,2005,,31063,0,7
,4,IDCJAC0009,2005,1,31063,0.4,7
,5,IDCJAC0009,2005,1,31063,18.4,7
,6,IDCJAC0009,2005,1,31063,8.2,7
,7,IDCJAC0009,2005,1,31063,0.6,7
,8,IDCJAC0009,2005,,31063,0,7
,9,IDCJAC0009,2005,,31063,0,7
,10,IDCJAC0009,2005,,31063,0,7
,11,IDCJAC0009,2005,,31063,0,7
,12,IDCJAC0009,2005,,31063,0,7
,13,IDCJAC0009,2005,,31063,0,7
,14,IDCJAC0009,2005,,31063,0,7
,15,IDCJAC0009,2005,,31063,0,7
,16,IDCJAC0009,2005,,31063,0,7
,17,IDCJAC0009,2005,,31063,0,7
,18,IDCJAC0009,2005,,31063,0,7
,19,IDCJAC0009,2005,,31063,0,7
,20,IDCJAC0009,2005,1,31063,8.2,7
,21,IDCJAC0009,2005,1,31063,12.6,7
,22,IDCJAC0009,2005,1,31063,3.8,7
,23,IDCJAC0009,2005,1,31063,16.4,7
,24,IDCJAC0009,2005,1,31063,5,7
,25,IDCJAC0009,2005,1,31063,1,7
,26,IDCJAC0009,2005,1,31063,0.6,7
,27,IDCJAC0009,2005,1,31063,1.2,7
,28,IDCJAC0009,2005,,31063,0,7
,29,IDCJAC0009,2005,,31063,0,7
,30,IDCJAC0009,2005,,31063,0,7
,31,IDCJAC0009,2005,1,31063,0.2,7
,1,IDCJAC0009,2005,1,31063,3.6,8
,2,IDCJAC0009,2005,1,31063,16.2,8
,3,IDCJAC0009,2005,1,31063,2.4,8
,4,IDCJAC0009,2005,1,31063,6.2,8
,5,IDCJAC0009,2005,1,31063,0.6,8
,6,IDCJAC0009,2005,,31063,0,8
,7,IDCJAC0009,2005,1,31063,0.8,8
,8,IDCJAC0009,2005,,31063,0,8
,9,IDCJAC0009,2005,1,31063,0.4,8
,10,IDCJAC0009,2005,,31063,0,8
,11,IDCJAC0009,2005,,31063,0,8
,12,IDCJAC0009,2005,1,31063,0.4,8
,13,IDCJAC0009,2005,,31063,0,8
,14,IDCJAC0009,2005,,31063,0,8
,15,IDCJAC0009,2005,,31063,0,8
,16,IDCJAC0009,2005,,31063,0,8
,17,IDCJAC0009,2005,1,31063,1.4,8
,18,IDCJAC0009,2005,1,31063,10.2,8
,19,IDCJAC0009,2005,1,31063,11.4,8
,20,IDCJAC0009,2005,1,31063,0.4,8
,21,IDCJAC0009,2005,,31063,0,8
,22,IDCJAC0009,2005,,31063,0,8
,23,IDCJAC0009,2005,,31063,0,8
,24,IDCJAC0009,2005,1,31063,0.2,8
,25,IDCJAC0009,2005,,31063,0,8
,26,IDCJAC0009,2005,1,31063,5.4,8
,27,IDCJAC0009,2005,1,31063,1.4,8
,28,IDCJAC0009,2005,1,31063,6,8
,29,IDCJAC0009,2005,1,31063,11.8,8
,30,IDCJAC0009,2005,1,31063,3,8
,31,IDCJAC0009,2005,1,31063,0.6,8
,1,IDCJAC0009,2005,,31063,0,9
,2,IDCJAC0009,2005,1,31063,1,9
,3,IDCJAC0009,2005,,31063,0,9
,4,IDCJAC0009,2005,,31063,0,9
,5,IDCJAC0009,2005,,31063,0,9
,6,IDCJAC0009,2005,,31063,0,9
,7,IDCJAC0009,2005,,31063,0,9
,8,IDCJAC0009,2005,,31063,0,9
,9,IDCJAC0009,2005,1,31063,3.2,9
,10,IDCJAC0009,2005,,31063,0,9
,11,IDCJAC0009,2005,,31063,0,9
,12,IDCJAC0009,2005,,31063,0,9
,13,IDCJAC0009,2005,,31063,0,9
,14,IDCJAC0009,2005,,31063,0,9
,15,IDCJAC0009,2005,,31063,0,9
,16,IDCJAC0009,2005,,31063,0,9
,17,IDCJAC0009,2005,,31063,0,9
,18,IDCJAC0009,2005,,31063,0,9
,19,IDCJAC0009,2005,,31063,0,9
,20,IDCJAC0009,2005,,31063,0,9
,21,IDCJAC0009,2005,1,31063,2.2,9
,22,IDCJAC0009,2005,,31063,0,9
,23,IDCJAC0009,2005,,31063,0,9
,24,IDCJAC0009,2005,,31063,0,9
,25,IDCJAC0009,2005,,31063,0,9
,26,IDCJAC0009,2005,,31063,0,9
,27,IDCJAC0009,2005,,31063,0,9
,28,IDCJAC0009,2005,,31063,0,9
,29,IDCJAC0009,2005,,31063,0,9
,30,IDCJAC0009,2005,,31063,0,9
,1,IDCJAC0009,2005,,31063,0,10
,2,IDCJAC0009,2005,,31063,0,10
,3,IDCJAC0009,2005,,31063,0,10
,4,IDCJAC0009,2005,,31063,0,10
,5,IDCJAC0009,2005,,31063,0,10
,6,IDCJAC0009,2005,,31063,0,10
,7,IDCJAC0009,2005,,31063,0,10
,8,IDCJAC0009,2005,,31063,0,10
,9,IDCJAC0009,2005,1,31063,0.4,10
,10,IDCJAC0009,2005,,31063,0,10
,11,IDCJAC0009,2005,,31063,0,10
,12,IDCJAC0009,2005,,31063,0,10
,13,IDCJAC0009,2005,,31063,0,10
,14,IDCJAC0009,2005,,31063,0,10
,15,IDCJAC0009,2005,,31063,0,10
,16,IDCJAC0009,2005,,31063,0,10
,17,IDCJAC0009,2005,,31063,0,10
,18,IDCJAC0009,2005,,31063,0,10
,19,IDCJAC0009,2005,,31063,0,10
,20,IDCJAC0009,2005,1,31063,5,10
,21,IDCJAC0009,2005,,31063,0,10
,22,IDCJAC0009,2005,1,31063,8,10
,23,IDCJAC0009,2005,1,31063,1.2,10
,24,IDCJAC0009,2005,1,31063,1.2,10
,25,IDCJAC0009,2005,1,31063,3.4,10
,26,IDCJAC0009,2005,1,31063,1.4,10
,27,IDCJAC0009,2005,,31063,0,10
,28,IDCJAC0009,2005,,31063,0,10
,29,IDCJAC0009,2005,,31063,0,10
,30,IDCJAC0009,2005,1,31063,0.6,10
,31,IDCJAC0009,2005,,31063,0,10
,1,IDCJAC0009,2005,,31063,0,11
,2,IDCJAC0009,2005,,31063,0,11
,3,IDCJAC0009,2005,,31063,0,11
,4,IDCJAC0009,2005,1,31063,2,11
,5,IDCJAC0009,2005,1,31063,6.4,11
,6,IDCJAC0009,2005,,31063,0,11
,7,IDCJAC0009,2005,,31063,0,11
,8,IDCJAC0009,2005,,31063,0,11
,9,IDCJAC0009,2005,,31063,0,11
,10,IDCJAC0009,2005,,31063,0,11
,11,IDCJAC0009,2005,,31063,0,11
,12,IDCJAC0009,2005,,31063,0,11
,13,IDCJAC0009,2005,,31063,0,11
,14,IDCJAC0009,2005,,31063,0,11
,15,IDCJAC0009,2005,,31063,0,11
,16,IDCJAC0009,2005,,31063,0,11
,17,IDCJAC0009,2005,,31063,0,11
,18,IDCJAC0009,2005,1,31063,12.6,11
,19,IDCJAC0009,2005,1,31063,6.4,11
,20,IDCJAC0009,2005,,31063,0,11
,21,IDCJAC0009,2005,,31063,0,11
,22,IDCJAC0009,2005,,31063,0,11
,23,IDCJAC0009,2005,,31063,0,11
,24,IDCJAC0009,2005,,31063,0,11
,25,IDCJAC0009,2005,,31063,0,11
,26,IDCJAC0009,2005,,31063,0,11
,27,IDCJAC0009,2005,,31063,0,11
,28,IDCJAC0009,2005,,31063,0,11
,29,IDCJAC0009,2005,1,31063,1.2,11
,30,IDCJAC0009,2005,1,31063,0.4,11
,1,IDCJAC0009,2005,,31063,0,12
,2,IDCJAC0009,2005,,31063,0,12
,3,IDCJAC0009,2005,,31063,0,12
,4,IDCJAC0009,2005,1,31063,8.6,12
,5,IDCJAC0009,2005,1,31063,21.6,12
,6,IDCJAC0009,2005,,31063,0,12
,7,IDCJAC0009,2005,,31063,0,12
,8,IDCJAC0009,2005,,31063,0,12
,9,IDCJAC0009,2005,,31063,0,12
,10,IDCJAC0009,2005,,31063,0,12
,11,IDCJAC0009,2005,,31063,0,12
,12,IDCJAC0009,2005,,31063,0,12
,13,IDCJAC0009,2005,,31063,0,12
,14,IDCJAC0009,2005,,31063,0,12
,15,IDCJAC0009,2005,,31063,0,12
,16,IDCJAC0009,2005,,31063,0,12
,17,IDCJAC0009,2005,,31063,0,12
,18,IDCJAC0009,2005,,31063,0,12
,19,IDCJAC0009,2005,,31063,0,12
,20,IDCJAC0009,2005,,31063,0,12
,21,IDCJAC0009,2005,,31063,0,12
,22,IDCJAC0009,2005,,31063,0,12
,23,IDCJAC0009,2005,1,31063,13.6,12
,24,IDCJAC0009,2005,1,31063,36.2,12
,25,IDCJAC0009,2005,,31063,0,12
,26,IDCJAC0009,2005,,31063,0,12
,27,IDCJAC0009,2005,,31063,0,12
,28,IDCJAC0009,2005,,31063,0,12
,29,IDCJAC0009,2005,1,31063,22.8,12
,30,IDCJAC0009,2005,,31063,0,12
,31,IDCJAC0009,2005,,31063,0,12
,1,IDCJAC0009,2006,,31063,0,1
,2,IDCJAC0009,2006,1,31063,13,1
,3,IDCJAC0009,2006,1,31063,1.4,1
,4,IDCJAC0009,2006,1,31063,1.2,1
,5,IDCJAC0009,2006,,31063,0,1
,6,IDCJAC0009,2006,,31063,0,1
,7,IDCJAC0009,2006,,31063,0,1
,8,IDCJAC0009,2006,,31063,0,1
,9,IDCJAC0009,2006,1,31063,1.8,1
,10,IDCJAC0009,2006,1,31063,5.6,1
,11,IDCJAC0009,2006,1,31063,13.8,1
,12,IDCJAC0009,2006,1,31063,5.8,1
,13,IDCJAC0009,2006,1,31063,25.2,1
,14,IDCJAC0009,2006,1,31063,63.6,1
,15,IDCJAC0009,2006,1,31063,17,1
,16,IDCJAC0009,2006,1,31063,2.2,1
,17,IDCJAC0009,2006,1,31063,56.6,1
,18,IDCJAC0009,2006,1,31063,1.2,1
,19,IDCJAC0009,2006,,31063,0,1
,20,IDCJAC0009,2006,1,31063,0.4,1
,21,IDCJAC0009,2006,,31063,0,1
,22,IDCJAC0009,2006,1,31063,1.2,1
,23,IDCJAC0009,2006,1,31063,24.2,1
,24,IDCJAC0009,2006,1,31063,3.8,1
,25,IDCJAC0009,2006,1,31063,40.2,1
,26,IDCJAC0009,2006,1,31063,7.2,1
,27,IDCJAC0009,2006,1,31063,21.6,1
,28,IDCJAC0009,2006,1,31063,58.8,1
,29,IDCJAC0009,2006,1,31063,26.6,1
,30,IDCJAC0009,2006,1,31063,2.4,1
,31,IDCJAC0009,2006,1,31063,0.4,1
,1,IDCJAC0009,2006,,31063,0,2
,2,IDCJAC0009,2006,,31063,0,2
,3,IDCJAC0009,2006,,31063,0,2
,4,IDCJAC0009,2006,1,31063,1.2,2
,5,IDCJAC0009,2006,,31063,0,2
,6,IDCJAC0009,2006,,31063,0,2
,7,IDCJAC0009,2006,,31063,0,2
,8,IDCJAC0009,2006,,31063,0,2
,9,IDCJAC0009,2006,,31063,0,2
,10,IDCJAC0009,2006,,31063,0,2
,11,IDCJAC0009,2006,,31063,0,2
,12,IDCJAC0009,2006,,31063,0,2
,13,IDCJAC0009,2006,1,31063,16.2,2
,14,IDCJAC0009,2006,1,31063,11,2
,15,IDCJAC0009,2006,1,31063,8.8,2
,16,IDCJAC0009,2006,1,31063,25.6,2
,17,IDCJAC0009,2006,1,31063,57,2
,18,IDCJAC0009,2006,1,31063,0.8,2
,19,IDCJAC0009,2006,,31063,0,2
,20,IDCJAC0009,2006,1,31063,0.6,2
,21,IDCJAC0009,2006,1,31063,3.6,2
,22,IDCJAC0009,2006,1,31063,0.6,2
,23,IDCJAC0009,2006,1,31063,27.4,2
,24,IDCJAC0009,2006,1,31063,119,2
,25,IDCJAC0009,2006,1,31063,18.6,2
,26,IDCJAC0009,2006,1,31063,5.8,2
,27,IDCJAC0009,2006,,31063,0,2
,28,IDCJAC0009,2006,,31063,0,2
,1,IDCJAC0009,2006,1,31063,17.8,3
,2,IDCJAC0009,2006,,31063,0,3
,3,IDCJAC0009,2006,1,31063,0.4,3
,4,IDCJAC0009,2006,1,31063,3.4,3
,5,IDCJAC0009,2006,1,31063,18,3
,6,IDCJAC0009,2006,1,31063,44.2,3
,7,IDCJAC0009,2006,1,31063,6.8,3
,8,IDCJAC0009,2006,1,31063,29.4,3
,9,IDCJAC0009,2006,1,31063,1.6,3
,10,IDCJAC0009,2006,1,31063,34.4,3
,11,IDCJAC0009,2006,1,31063,3.6,3
,12,IDCJAC0009,2006,1,31063,173.2,3
,13,IDCJAC0009,2006,1,31063,48.2,3
,14,IDCJAC0009,2006,1,31063,14.6,3
,15,IDCJAC0009,2006,1,31063,2.4,3
,16,IDCJAC0009,2006,1,31063,0.4,3
,17,IDCJAC0009,2006,,31063,0,3
,18,IDCJAC0009,2006,,31063,0,3
,19,IDCJAC0009,2006,,31063,0,3
,20,IDCJAC0009,2006,1,31063,32.4,3
,21,IDCJAC0009,2006,1,31063,15.2,3
,22,IDCJAC0009,2006,1,31063,83.6,3
,23,IDCJAC0009,2006,1,31063,5.4,3
,24,IDCJAC0009,2006,1,31063,14,3
,25,IDCJAC0009,2006,1,31063,5.8,3
,26,IDCJAC0009,2006,,31063,0,3
,27,IDCJAC0009,2006,1,31063,0.4,3
,28,IDCJAC0009,2006,1,31063,2.8,3
,29,IDCJAC0009,2006,1,31063,2,3
,30,IDCJAC0009,2006,1,31063,79.4,3
,31,IDCJAC0009,2006,1,31063,76.2,3
,1,IDCJAC0009,2006,1,31063,1.2,4
,2,IDCJAC0009,2006,1,31063,1,4
,3,IDCJAC0009,2006,,31063,0,4
,4,IDCJAC0009,2006,1,31063,68.6,4
,5,IDCJAC0009,2006,1,31063,18.4,4
,6,IDCJAC0009,2006,1,31063,6.2,4
,7,IDCJAC0009,2006,1,31063,17.6,4
,8,IDCJAC0009,2006,1,31063,1.8,4
,9,IDCJAC0009,2006,1,31063,19.8,4
,10,IDCJAC0009,2006,1,31063,3,4
,11,IDCJAC0009,2006,1,31063,2.6,4
,12,IDCJAC0009,2006,1,31063,9.8,4
,13,IDCJAC0009,2006,1,31063,79.2,4
,14,IDCJAC0009,2006,1,31063,16.2,4
,15,IDCJAC0009,2006,1,31063,17.4,4
,16,IDCJAC0009,2006,1,31063,4,4
,17,IDCJAC0009,2006,1,31063,28.4,4
,18,IDCJAC0009,2006,1,31063,23,4
,19,IDCJAC0009,2006,1,31063,59.6,4
,20,IDCJAC0009,2006,1,31063,233.6,4
,21,IDCJAC0009,2006,1,31063,18.4,4
,22,IDCJAC0009,2006,1,31063,2,4
,23,IDCJAC0009,2006,1,31063,5.6,4
,24,IDCJAC0009,2006,1,31063,3.4,4
,25,IDCJAC0009,2006,1,31063,0.6,4
,26,IDCJAC0009,2006,,31063,0,4
,27,IDCJAC0009,2006,1,31063,1.4,4
,28,IDCJAC0009,2006,1,31063,0.8,4
,29,IDCJAC0009,2006,,31063,,4
,30,IDCJAC0009,2006,2,31063,3,4
,1,IDCJAC0009,2006,,31063,0,5
,2,IDCJAC0009,2006,1,31063,8,5
,3,IDCJAC0009,2006,,31063,0,5
,4,IDCJAC0009,2006,1,31063,2.8,5
,5,IDCJAC0009,2006,1,31063,3,5
,6,IDCJAC0009,2006,,31063,0,5
,7,IDCJAC0009,2006,1,31063,2.4,5
,8,IDCJAC0009,2006,,31063,0,5
,9,IDCJAC0009,2006,1,31063,2,5
,10,IDCJAC0009,2006,,31063,0,5
,11,IDCJAC0009,2006,,31063,0,5
,12,IDCJAC0009,2006,1,31063,36.8,5
,13,IDCJAC0009,2006,1,31063,1.6,5
,14,IDCJAC0009,2006,1,31063,1.2,5
,15,IDCJAC0009,2006,1,31063,2.4,5
,16,IDCJAC0009,2006,1,31063,7,5
,17,IDCJAC0009,2006,1,31063,2.2,5
,18,IDCJAC0009,2006,,31063,0,5
,19,IDCJAC0009,2006,1,31063,6,5
,20,IDCJAC0009,2006,,31063,0,5
,21,IDCJAC0009,2006,1,31063,0.8,5
,22,IDCJAC0009,2006,1,31063,1.8,5
,23,IDCJAC0009,2006,,31063,0,5
,24,IDCJAC0009,2006,,31063,0,5
,25,IDCJAC0009,2006,,31063,0,5
,26,IDCJAC0009,2006,,31063,0,5
,27,IDCJAC0009,2006,,31063,0,5
,28,IDCJAC0009,2006,,31063,0,5
,29,IDCJAC0009,2006,,31063,0,5
,30,IDCJAC0009,2006,1,31063,0.6,5
,31,IDCJAC0009,2006,,31063,0,5
,1,IDCJAC0009,2006,,31063,0,6
,2,IDCJAC0009,2006,,31063,0,6
,3,IDCJAC0009,2006,,31063,0,6
,4,IDCJAC0009,2006,,31063,0,6
,5,IDCJAC0009,2006,,31063,0,6
,6,IDCJAC0009,2006,,31063,0,6
,7,IDCJAC0009,2006,,31063,0,6
,8,IDCJAC0009,2006,,31063,0,6
,9,IDCJAC0009,2006,1,31063,3.2,6
,10,IDCJAC0009,2006,1,31063,40.2,6
,11,IDCJAC0009,2006,1,31063,2.2,6
,12,IDCJAC0009,2006,,31063,0,6
,13,IDCJAC0009,2006,,31063,0,6
,14,IDCJAC0009,2006,,31063,0,6
,15,IDCJAC0009,2006,,31063,0,6
,16,IDCJAC0009,2006,,31063,0,6
,17,IDCJAC0009,2006,,31063,0,6
,18,IDCJAC0009,2006,1,31063,2.4,6
,19,IDCJAC0009,2006,1,31063,3.4,6
,20,IDCJAC0009,2006,,31063,0,6
,21,IDCJAC0009,2006,,31063,0,6
,22,IDCJAC0009,2006,1,31063,1.2,6
,23,IDCJAC0009,2006,,31063,0,6
,24,IDCJAC0009,2006,1,31063,0.6,6
,25,IDCJAC0009,2006,,31063,0,6
,26,IDCJAC0009,2006,1,31063,2.8,6
,27,IDCJAC0009,2006,1,31063,3,6
,28,IDCJAC0009,2006,1,31063,8.4,6
,29,IDCJAC0009,2006,1,31063,11.6,6
,30,IDCJAC0009,2006,1,31063,9.2,6
,1,IDCJAC0009,2006,,31063,0,7
,2,IDCJAC0009,2006,,31063,0,7
,3,IDCJAC0009,2006,,31063,0,7
,4,IDCJAC0009,2006,,31063,0,7
,5,IDCJAC0009,2006,,31063,0,7
,6,IDCJAC0009,2006,,31063,0,7
,7,IDCJAC0009,2006,,31063,0,7
,8,IDCJAC0009,2006,,31063,0,7
,9,IDCJAC0009,2006,,31063,0,7
,10,IDCJAC0009,2006,,31063,0,7
,11,IDCJAC0009,2006,,31063,0,7
,12,IDCJAC0009,2006,1,31063,5.4,7
,13,IDCJAC0009,2006,1,31063,8.8,7
,14,IDCJAC0009,2006,1,31063,20.4,7
,15,IDCJAC0009,2006,1,31063,3,7
,16,IDCJAC0009,2006,1,31063,1.8,7
,17,IDCJAC0009,2006,1,31063,17,7
,18,IDCJAC0009,2006,1,31063,3.6,7
,19,IDCJAC0009,2006,,31063,0,7
,20,IDCJAC0009,2006,,31063,0,7
,21,IDCJAC0009,2006,1,31063,2.6,7
,22,IDCJAC0009,2006,1,31063,6.2,7
,23,IDCJAC0009,2006,1,31063,12.6,7
,24,IDCJAC0009,2006,,31063,0,7
,25,IDCJAC0009,2006,,31063,0,7
,26,IDCJAC0009,2006,,31063,0,7
,27,IDCJAC0009,2006,,31063,0,7
,28,IDCJAC0009,2006,,31063,0,7
,29,IDCJAC0009,2006,,31063,0,7
,30,IDCJAC0009,2006,,31063,0,7
,31,IDCJAC0009,2006,,31063,0,7
,1,IDCJAC0009,2006,,31063,0,8
,2,IDCJAC0009,2006,,31063,0,8
,3,IDCJAC0009,2006,,31063,0,8
,4,IDCJAC0009,2006,,31063,0,8
,5,IDCJAC0009,2006,,31063,0,8
,6,IDCJAC0009,2006,,31063,0,8
,7,IDCJAC0009,2006,,31063,0,8
,8,IDCJAC0009,2006,,31063,0,8
,9,IDCJAC0009,2006,1,31063,7.8,8
,10,IDCJAC0009,2006,,31063,0,8
,11,IDCJAC0009,2006,,31063,0,8
,12,IDCJAC0009,2006,1,31063,0.2,8
,13,IDCJAC0009,2006,1,31063,0.6,8
,14,IDCJAC0009,2006,1,31063,3.6,8
,15,IDCJAC0009,2006,,31063,0,8
,16,IDCJAC0009,2006,,31063,0,8
,17,IDCJAC0009,2006,,31063,0,8
,18,IDCJAC0009,2006,,31063,0,8
,19,IDCJAC0009,2006,,31063,0,8
,20,IDCJAC0009,2006,,31063,0,8
,21,IDCJAC0009,2006,1,31063,3.6,8
,22,IDCJAC0009,2006,,31063,0,8
,23,IDCJAC0009,2006,,31063,0,8
,24,IDCJAC0009,2006,,31063,0,8
,25,IDCJAC0009,2006,,31063,0,8
,26,IDCJAC0009,2006,,31063,0,8
,27,IDCJAC0009,2006,,31063,0,8
,28,IDCJAC0009,2006,,31063,0,8
,29,IDCJAC0009,2006,,31063,0,8
,30,IDCJAC0009,2006,,31063,0,8
,31,IDCJAC0009,2006,,31063,0,8
,1,IDCJAC0009,2006,,31063,0,9
,2,IDCJAC0009,2006,,31063,0,9
,3,IDCJAC0009,2006,1,31063,16.2,9
,4,IDCJAC0009,2006,1,31063,62.6,9
,5,IDCJAC0009,2006,,31063,0,9
,6,IDCJAC0009,2006,,31063,0,9
,7,IDCJAC0009,2006,,31063,0,9
,8,IDCJAC0009,2006,,31063,0,9
,9,IDCJAC0009,2006,,31063,0,9
,10,IDCJAC0009,2006,,31063,0,9
,11,IDCJAC0009,2006,,31063,0,9
,12,IDCJAC0009,2006,,31063,0,9
,13,IDCJAC0009,2006,,31063,0,9
,14,IDCJAC0009,2006,1,31063,4.4,9
,15,IDCJAC0009,2006,1,31063,12.6,9
,16,IDCJAC0009,2006,1,31063,1.8,9
,17,IDCJAC0009,2006,,31063,0,9
,18,IDCJAC0009,2006,,31063,0,9
,19,IDCJAC0009,2006,1,31063,2.6,9
,20,IDCJAC0009,2006,,31063,0,9
,21,IDCJAC0009,2006,,31063,0,9
,22,IDCJAC0009,2006,,31063,0,9
,23,IDCJAC0009,2006,,31063,0,9
,24,IDCJAC0009,2006,,31063,0,9
,25,IDCJAC0009,2006,1,31063,0.6,9
,26,IDCJAC0009,2006,,31063,0,9
,27,IDCJAC0009,2006,1,31063,11.8,9
,28,IDCJAC0009,2006,,31063,0,9
,29,IDCJAC0009,2006,,31063,0,9
,30,IDCJAC0009,2006,,31063,0,9
,1,IDCJAC0009,2006,,31063,0,10
,2,IDCJAC0009,2006,,31063,0,10
,3,IDCJAC0009,2006,,31063,0,10
,4,IDCJAC0009,2006,,31063,0,10
,5,IDCJAC0009,2006,,31063,0,10
,6,IDCJAC0009,2006,,31063,0,10
,7,IDCJAC0009,2006,,31063,0,10
,8,IDCJAC0009,2006,,31063,0,10
,9,IDCJAC0009,2006,,31063,0,10
,10,IDCJAC0009,2006,,31063,0,10
,11,IDCJAC0009,2006,1,31063,8.8,10
,12,IDCJAC0009,2006,1,31063,10.6,10
,13,IDCJAC0009,2006,1,31063,15.4,10
,14,IDCJAC0009,2006,1,31063,6.6,10
,15,IDCJAC0009,2006,,31063,0,10
,16,IDCJAC0009,2006,,31063,0,10
,17,IDCJAC0009,2006,1,31063,1.2,10
,18,IDCJAC0009,2006,1,31063,9.6,10
,19,IDCJAC0009,2006,1,31063,24,10
,20,IDCJAC0009,2006,1,31063,0.6,10
,21,IDCJAC0009,2006,1,31063,0.8,10
,22,IDCJAC0009,2006,,31063,0,10
,23,IDCJAC0009,2006,1,31063,0.6,10
,24,IDCJAC0009,2006,1,31063,18.2,10
,25,IDCJAC0009,2006,,31063,0,10
,26,IDCJAC0009,2006,,31063,0,10
,27,IDCJAC0009,2006,1,31063,1.4,10
,28,IDCJAC0009,2006,,31063,0,10
,29,IDCJAC0009,2006,,31063,0,10
,30,IDCJAC0009,2006,,31063,0,10
,31,IDCJAC0009,2006,,31063,0,10
,1,IDCJAC0009,2006,1,31063,0.6,11
,2,IDCJAC0009,2006,,31063,0,11
,3,IDCJAC0009,2006,,31063,0,11
,4,IDCJAC0009,2006,,31063,0,11
,5,IDCJAC0009,2006,,31063,0,11
,6,IDCJAC0009,2006,,31063,0,11
,7,IDCJAC0009,2006,,31063,0,11
,8,IDCJAC0009,2006,,31063,0,11
,9,IDCJAC0009,2006,,31063,0,11
,10,IDCJAC0009,2006,,31063,0,11
,11,IDCJAC0009,2006,1,31063,2.6,11
,12,IDCJAC0009,2006,,31063,0,11
,13,IDCJAC0009,2006,,31063,0,11
,14,IDCJAC0009,2006,,31063,0,11
,15,IDCJAC0009,2006,,31063,0,11
,16,IDCJAC0009,2006,,31063,0,11
,17,IDCJAC0009,2006,,31063,0,11
,18,IDCJAC0009,2006,,31063,0,11
,19,IDCJAC0009,2006,,31063,0,11
,20,IDCJAC0009,2006,1,31063,8.8,11
,21,IDCJAC0009,2006,1,31063,1.8,11
,22,IDCJAC0009,2006,1,31063,1,11
,23,IDCJAC0009,2006,1,31063,3.2,11
,24,IDCJAC0009,2006,,31063,0,11
,25,IDCJAC0009,2006,1,31063,1.4,11
,26,IDCJAC0009,2006,,31063,0,11
,27,IDCJAC0009,2006,,31063,0,11
,28,IDCJAC0009,2006,,31063,0,11
,29,IDCJAC0009,2006,1,31063,1,11
,30,IDCJAC0009,2006,,31063,0,11
,1,IDCJAC0009,2006,,31063,0,12
,2,IDCJAC0009,2006,1,31063,0.4,12
,3,IDCJAC0009,2006,1,31063,9,12
,4,IDCJAC0009,2006,,31063,0,12
,5,IDCJAC0009,2006,1,31063,5.2,12
,6,IDCJAC0009,2006,1,31063,0.4,12
,7,IDCJAC0009,2006,1,31063,11.2,12
,8,IDCJAC0009,2006,1,31063,5.6,12
,9,IDCJAC0009,2006,1,31063,7.8,12
,10,IDCJAC0009,2006,,31063,0,12
,11,IDCJAC0009,2006,1,31063,11.4,12
,12,IDCJAC0009,2006,1,31063,8.4,12
,13,IDCJAC0009,2006,,31063,0,12
,14,IDCJAC0009,2006,,31063,0,12
,15,IDCJAC0009,2006,,31063,0,12
,16,IDCJAC0009,2006,,31063,0,12
,17,IDCJAC0009,2006,,31063,0,12
,18,IDCJAC0009,2006,,31063,0,12
,19,IDCJAC0009,2006,1,31063,5,12
,20,IDCJAC0009,2006,,31063,0,12
,21,IDCJAC0009,2006,1,31063,4.4,12
,22,IDCJAC0009,2006,1,31063,4.6,12
,23,IDCJAC0009,2006,,31063,0,12
,24,IDCJAC0009,2006,,31063,0,12
,25,IDCJAC0009,2006,,31063,0,12
,26,IDCJAC0009,2006,,31063,0,12
,27,IDCJAC0009,2006,1,31063,2,12
,28,IDCJAC0009,2006,1,31063,4.4,12
,29,IDCJAC0009,2006,1,31063,7.8,12
,30,IDCJAC0009,2006,1,31063,5.4,12
,31,IDCJAC0009,2006,1,31063,19,12
,1,IDCJAC0009,2007,,31063,0,1
,2,IDCJAC0009,2007,,31063,0,1
,3,IDCJAC0009,2007,,31063,0,1
,4,IDCJAC0009,2007,1,31063,0.4,1
,5,IDCJAC0009,2007,,31063,0,1
,6,IDCJAC0009,2007,1,31063,2,1
,7,IDCJAC0009,2007,,31063,0,1
,8,IDCJAC0009,2007,,31063,0,1
,9,IDCJAC0009,2007,,31063,0,1
,10,IDCJAC0009,2007,,31063,0,1
,11,IDCJAC0009,2007,,31063,0,1
,12,IDCJAC0009,2007,,31063,0,1
,13,IDCJAC0009,2007,,31063,0,1
,14,IDCJAC0009,2007,,31063,0,1
,15,IDCJAC0009,2007,,31063,0,1
,16,IDCJAC0009,2007,1,31063,2.8,1
,17,IDCJAC0009,2007,1,31063,4,1
,18,IDCJAC0009,2007,1,31063,1.4,1
,19,IDCJAC0009,2007,1,31063,1.8,1
,20,IDCJAC0009,2007,,31063,0,1
,21,IDCJAC0009,2007,1,31063,2.8,1
,22,IDCJAC0009,2007,1,31063,72.2,1
,23,IDCJAC0009,2007,1,31063,9.2,1
,24,IDCJAC0009,2007,,31063,0,1
,25,IDCJAC0009,2007,1,31063,15.8,1
,26,IDCJAC0009,2007,1,31063,29.8,1
,27,IDCJAC0009,2007,1,31063,30.4,1
,28,IDCJAC0009,2007,1,31063,24.4,1
,29,IDCJAC0009,2007,1,31063,10.4,1
,30,IDCJAC0009,2007,1,31063,3.6,1
,31,IDCJAC0009,2007,1,31063,52,1
,1,IDCJAC0009,2007,1,31063,15.6,2
,2,IDCJAC0009,2007,1,31063,160.6,2
,3,IDCJAC0009,2007,1,31063,10.4,2
,4,IDCJAC0009,2007,1,31063,10.2,2
,5,IDCJAC0009,2007,1,31063,198.4,2
,6,IDCJAC0009,2007,1,31063,61.4,2
,7,IDCJAC0009,2007,1,31063,36.2,2
,8,IDCJAC0009,2007,1,31063,7.6,2
,9,IDCJAC0009,2007,,31063,0,2
,10,IDCJAC0009,2007,,31063,0,2
,11,IDCJAC0009,2007,,31063,0,2
,12,IDCJAC0009,2007,,31063,0,2
,13,IDCJAC0009,2007,,31063,0,2
,14,IDCJAC0009,2007,1,31063,5,2
,15,IDCJAC0009,2007,1,31063,8,2
,16,IDCJAC0009,2007,1,31063,7.6,2
,17,IDCJAC0009,2007,1,31063,12.6,2
,18,IDCJAC0009,2007,1,31063,3.2,2
,19,IDCJAC0009,2007,1,31063,20.4,2
,20,IDCJAC0009,2007,1,31063,48.4,2
,21,IDCJAC0009,2007,1,31063,75.6,2
,22,IDCJAC0009,2007,1,31063,5.2,2
,23,IDCJAC0009,2007,1,31063,31.6,2
,24,IDCJAC0009,2007,1,31063,31.2,2
,25,IDCJAC0009,2007,1,31063,89.8,2
,26,IDCJAC0009,2007,1,31063,2.8,2
,27,IDCJAC0009,2007,1,31063,2.6,2
,28,IDCJAC0009,2007,1,31063,0.8,2
,1,IDCJAC0009,2007,1,31063,4.2,3
,2,IDCJAC0009,2007,1,31063,5.4,3
,3,IDCJAC0009,2007,,31063,0,3
,4,IDCJAC0009,2007,,31063,0,3
,5,IDCJAC0009,2007,,31063,0,3
,6,IDCJAC0009,2007,,31063,0,3
,7,IDCJAC0009,2007,,31063,0,3
,8,IDCJAC0009,2007,,31063,0,3
,9,IDCJAC0009,2007,1,31063,8.8,3
,10,IDCJAC0009,2007,1,31063,1.2,3
,11,IDCJAC0009,2007,,31063,0,3
,12,IDCJAC0009,2007,1,31063,2.6,3
,13,IDCJAC0009,2007,,31063,0,3
,14,IDCJAC0009,2007,1,31063,15.8,3
,15,IDCJAC0009,2007,,31063,0,3
,16,IDCJAC0009,2007,1,31063,127.6,3
,17,IDCJAC0009,2007,1,31063,44,3
,18,IDCJAC0009,2007,1,31063,9,3
,19,IDCJAC0009,2007,1,31063,6.2,3
,20,IDCJAC0009,2007,1,31063,2.6,3
,21,IDCJAC0009,2007,,31063,,3
,22,IDCJAC0009,2007,2,31063,76.8,3
,23,IDCJAC0009,2007,1,31063,7.6,3
,24,IDCJAC0009,2007,1,31063,10.6,3
,25,IDCJAC0009,2007,1,31063,0.6,3
,26,IDCJAC0009,2007,,31063,0,3
,27,IDCJAC0009,2007,1,31063,1.6,3
,28,IDCJAC0009,2007,1,31063,10.4,3
,29,IDCJAC0009,2007,,31063,0,3
,30,IDCJAC0009,2007,,31063,0,3
,31,IDCJAC0009,2007,,31063,0,3
,1,IDCJAC0009,2007,,31063,0,4
,2,IDCJAC0009,2007,1,31063,7.4,4
,3,IDCJAC0009,2007,1,31063,13.2,4
,4,IDCJAC0009,2007,,31063,0,4
,5,IDCJAC0009,2007,,31063,0,4
,6,IDCJAC0009,2007,1,31063,1.2,4
,7,IDCJAC0009,2007,1,31063,0.6,4
,8,IDCJAC0009,2007,1,31063,9.4,4
,9,IDCJAC0009,2007,1,31063,4.6,4
,10,IDCJAC0009,2007,1,31063,9.8,4
,11,IDCJAC0009,2007,,31063,0,4
,12,IDCJAC0009,2007,1,31063,1.6,4
,13,IDCJAC0009,2007,1,31063,6.2,4
,14,IDCJAC0009,2007,1,31063,10,4
,15,IDCJAC0009,2007,1,31063,11.8,4
,16,IDCJAC0009,2007,1,31063,1.6,4
,17,IDCJAC0009,2007,,31063,0,4
,18,IDCJAC0009,2007,,31063,0,4
,19,IDCJAC0009,2007,,31063,0,4
,20,IDCJAC0009,2007,,31063,0,4
,21,IDCJAC0009,2007,,31063,0,4
,22,IDCJAC0009,2007,,31063,0,4
,23,IDCJAC0009,2007,,31063,0,4
,24,IDCJAC0009,2007,,31063,0,4
,25,IDCJAC0009,2007,,31063,0,4
,26,IDCJAC0009,2007,,31063,0,4
,27,IDCJAC0009,2007,,31063,0,4
,28,IDCJAC0009,2007,,31063,0,4
,29,IDCJAC0009,2007,,31063,0,4
,30,IDCJAC0009,2007,,31063,0,4
,1,IDCJAC0009,2007,,31063,0,5
,2,IDCJAC0009,2007,,31063,0,5
,3,IDCJAC0009,2007,,31063,0,5
,4,IDCJAC0009,2007,,31063,0,5
,5,IDCJAC0009,2007,,31063,0,5
,6,IDCJAC0009,2007,,31063,0,5
,7,IDCJAC0009,2007,1,31063,1,5
,8,IDCJAC0009,2007,1,31063,7.8,5
,9,IDCJAC0009,2007,1,31063,9.2,5
,10,IDCJAC0009,2007,1,31063,2.8,5
,11,IDCJAC0009,2007,1,31063,6.6,5
,12,IDCJAC0009,2007,1,31063,12.2,5
,13,IDCJAC0009,2007,1,31063,0.8,5
,14,IDCJAC0009,2007,1,31063,4.2,5
,15,IDCJAC0009,2007,,31063,0,5
,16,IDCJAC0009,2007,,31063,0,5
,17,IDCJAC0009,2007,,31063,0,5
,18,IDCJAC0009,2007,,31063,0,5
,19,IDCJAC0009,2007,,31063,0,5
,20,IDCJAC0009,2007,,31063,0,5
,21,IDCJAC0009,2007,,31063,0,5
,22,IDCJAC0009,2007,,31063,0,5
,23,IDCJAC0009,2007,,31063,0,5
,24,IDCJAC0009,2007,,31063,0,5
,25,IDCJAC0009,2007,1,31063,23.8,5
,26,IDCJAC0009,2007,1,31063,2.2,5
,27,IDCJAC0009,2007,1,31063,12.6,5
,28,IDCJAC0009,2007,1,31063,13.4,5
,29,IDCJAC0009,2007,1,31063,24.8,5
,30,IDCJAC0009,2007,1,31063,4.6,5
,31,IDCJAC0009,2007,1,31063,0.4,5
,1,IDCJAC0009,2007,,31063,0,6
,2,IDCJAC0009,2007,1,31063,2.4,6
,3,IDCJAC0009,2007,,31063,0,6
,4,IDCJAC0009,2007,,31063,0,6
,5,IDCJAC0009,2007,,31063,0,6
,6,IDCJAC0009,2007,1,31063,1.6,6
,7,IDCJAC0009,2007,1,31063,7.6,6
,8,IDCJAC0009,2007,1,31063,2.8,6
,9,IDCJAC0009,2007,,31063,0,6
,10,IDCJAC0009,2007,,31063,0,6
,11,IDCJAC0009,2007,,31063,0,6
,12,IDCJAC0009,2007,,31063,0,6
,13,IDCJAC0009,2007,,31063,0,6
,14,IDCJAC0009,2007,,31063,0,6
,15,IDCJAC0009,2007,,31063,0,6
,16,IDCJAC0009,2007,1,31063,10.8,6
,17,IDCJAC0009,2007,,31063,0,6
,18,IDCJAC0009,2007,1,31063,15.2,6
,19,IDCJAC0009,2007,1,31063,13.6,6
,20,IDCJAC0009,2007,1,31063,7,6
,21,IDCJAC0009,2007,1,31063,1.2,6
,22,IDCJAC0009,2007,,31063,0,6
,23,IDCJAC0009,2007,,31063,0,6
,24,IDCJAC0009,2007,,31063,0,6
,25,IDCJAC0009,2007,1,31063,2.6,6
,26,IDCJAC0009,2007,1,31063,9.6,6
,27,IDCJAC0009,2007,,31063,0,6
,28,IDCJAC0009,2007,,31063,0,6
,29,IDCJAC0009,2007,,31063,0,6
,30,IDCJAC0009,2007,,31063,0,6
,1,IDCJAC0009,2007,,31063,0,7
,2,IDCJAC0009,2007,,31063,0,7
,3,IDCJAC0009,2007,,31063,0,7
,4,IDCJAC0009,2007,,31063,0,7
,5,IDCJAC0009,2007,,31063,0,7
,6,IDCJAC0009,2007,,31063,0,7
,7,IDCJAC0009,2007,,31063,0,7
,8,IDCJAC0009,2007,,31063,0,7
,9,IDCJAC0009,2007,,31063,0,7
,10,IDCJAC0009,2007,,31063,0,7
,11,IDCJAC0009,2007,,31063,0,7
,12,IDCJAC0009,2007,,31063,0,7
,13,IDCJAC0009,2007,,31063,0,7
,14,IDCJAC0009,2007,,31063,0,7
,15,IDCJAC0009,2007,,31063,0,7
,16,IDCJAC0009,2007,,31063,0,7
,17,IDCJAC0009,2007,,31063,0,7
,18,IDCJAC0009,2007,,31063,0,7
,19,IDCJAC0009,2007,,31063,0,7
,20,IDCJAC0009,2007,,31063,0,7
,21,IDCJAC0009,2007,,31063,0,7
,22,IDCJAC0009,2007,,31063,0,7
,23,IDCJAC0009,2007,1,31063,9.4,7
,24,IDCJAC0009,2007,1,31063,3.2,7
,25,IDCJAC0009,2007,1,31063,1.8,7
,26,IDCJAC0009,2007,1,31063,5.6,7
,27,IDCJAC0009,2007,1,31063,0.4,7
,28,IDCJAC0009,2007,,31063,0,7
,29,IDCJAC0009,2007,,31063,0,7
,30,IDCJAC0009,2007,,31063,0,7
,31,IDCJAC0009,2007,,31063,0,7
,1,IDCJAC0009,2007,1,31063,1.6,8
,2,IDCJAC0009,2007,,31063,0,8
,3,IDCJAC0009,2007,,31063,0,8
,4,IDCJAC0009,2007,,31063,0,8
,5,IDCJAC0009,2007,,31063,0,8
,6,IDCJAC0009,2007,,31063,0,8
,7,IDCJAC0009,2007,,31063,0,8
,8,IDCJAC0009,2007,,31063,0,8
,9,IDCJAC0009,2007,,31063,0,8
,10,IDCJAC0009,2007,1,31063,2.4,8
,11,IDCJAC0009,2007,,31063,0,8
,12,IDCJAC0009,2007,,31063,0,8
,13,IDCJAC0009,2007,,31063,0,8
,14,IDCJAC0009,2007,,31063,0,8
,15,IDCJAC0009,2007,,31063,0,8
,16,IDCJAC0009,2007,1,31063,2,8
,17,IDCJAC0009,2007,1,31063,1,8
,18,IDCJAC0009,2007,1,31063,3.6,8
,19,IDCJAC0009,2007,,31063,0,8
,20,IDCJAC0009,2007,,31063,0,8
,21,IDCJAC0009,2007,,31063,0,8
,22,IDCJAC0009,2007,,31063,0,8
,23,IDCJAC0009,2007,,31063,0,8
,24,IDCJAC0009,2007,,31063,0,8
,25,IDCJAC0009,2007,,31063,0,8
,26,IDCJAC0009,2007,,31063,0,8
,27,IDCJAC0009,2007,,31063,0,8
,28,IDCJAC0009,2007,1,31063,3.8,8
,29,IDCJAC0009,2007,1,31063,2.4,8
,30,IDCJAC0009,2007,1,31063,2.8,8
,31,IDCJAC0009,2007,1,31063,0.6,8
,1,IDCJAC0009,2007,,31063,0,9
,2,IDCJAC0009,2007,,31063,0,9
,3,IDCJAC0009,2007,,31063,0,9
,4,IDCJAC0009,2007,,31063,0,9
,5,IDCJAC0009,2007,1,31063,1,9
,6,IDCJAC0009,2007,,31063,0,9
,7,IDCJAC0009,2007,,31063,0,9
,8,IDCJAC0009,2007,,31063,0,9
,9,IDCJAC0009,2007,,31063,0,9
,10,IDCJAC0009,2007,,31063,0,9
,11,IDCJAC0009,2007,,31063,0,9
,12,IDCJAC0009,2007,,31063,0,9
,13,IDCJAC0009,2007,,31063,0,9
,14,IDCJAC0009,2007,,31063,0,9
,15,IDCJAC0009,2007,,31063,0,9
,16,IDCJAC0009,2007,,31063,0,9
,17,IDCJAC0009,2007,,31063,0,9
,18,IDCJAC0009,2007,,31063,0,9
,19,IDCJAC0009,2007,,31063,0,9
,20,IDCJAC0009,2007,,31063,0,9
,21,IDCJAC0009,2007,,31063,0,9
,22,IDCJAC0009,2007,,31063,0,9
,23,IDCJAC0009,2007,,31063,0,9
,24,IDCJAC0009,2007,1,31063,6.6,9
,25,IDCJAC0009,2007,,31063,0,9
,26,IDCJAC0009,2007,,31063,0,9
,27,IDCJAC0009,2007,,31063,0,9
,28,IDCJAC0009,2007,,31063,0,9
,29,IDCJAC0009,2007,,31063,0,9
,30,IDCJAC0009,2007,,31063,0,9
,1,IDCJAC0009,2007,,31063,0,10
,2,IDCJAC0009,2007,1,31063,9.2,10
,3,IDCJAC0009,2007,1,31063,5,10
,4,IDCJAC0009,2007,,31063,0,10
,5,IDCJAC0009,2007,,31063,0,10
,6,IDCJAC0009,2007,,31063,0,10
,7,IDCJAC0009,2007,,31063,0,10
,8,IDCJAC0009,2007,,31063,0,10
,9,IDCJAC0009,2007,,31063,0,10
,10,IDCJAC0009,2007,,31063,0,10
,11,IDCJAC0009,2007,,31063,0,10
,12,IDCJAC0009,2007,,31063,0,10
,13,IDCJAC0009,2007,1,31063,38.2,10
,14,IDCJAC0009,2007,,31063,0,10
,15,IDCJAC0009,2007,,31063,0,10
,16,IDCJAC0009,2007,,31063,0,10
,17,IDCJAC0009,2007,,31063,0,10
,18,IDCJAC0009,2007,,31063,0,10
,19,IDCJAC0009,2007,,31063,0,10
,20,IDCJAC0009,2007,1,31063,14.6,10
,21,IDCJAC0009,2007,1,31063,4,10
,22,IDCJAC0009,2007,1,31063,0.6,10
,23,IDCJAC0009,2007,,31063,0,10
,24,IDCJAC0009,2007,,31063,0,10
,25,IDCJAC0009,2007,,31063,0,10
,26,IDCJAC0009,2007,,31063,0,10
,27,IDCJAC0009,2007,,31063,0,10
,28,IDCJAC0009,2007,,31063,0,10
,29,IDCJAC0009,2007,,31063,0,10
,30,IDCJAC0009,2007,1,31063,4,10
,31,IDCJAC0009,2007,1,31063,0.4,10
,1,IDCJAC0009,2007,,31063,0,11
,2,IDCJAC0009,2007,,31063,0,11
,3,IDCJAC0009,2007,,31063,0,11
,4,IDCJAC0009,2007,,31063,0,11
,5,IDCJAC0009,2007,,31063,0,11
,6,IDCJAC0009,2007,,31063,0,11
,7,IDCJAC0009,2007,,31063,0,11
,8,IDCJAC0009,2007,,31063,0,11
,9,IDCJAC0009,2007,1,31063,0.8,11
,10,IDCJAC0009,2007,,31063,0,11
,11,IDCJAC0009,2007,1,31063,1.4,11
,12,IDCJAC0009,2007,1,31063,16,11
,13,IDCJAC0009,2007,1,31063,3.6,11
,14,IDCJAC0009,2007,1,31063,7.4,11
,15,IDCJAC0009,2007,1,31063,0.6,11
,16,IDCJAC0009,2007,1,31063,3,11
,17,IDCJAC0009,2007,1,31063,11.8,11
,18,IDCJAC0009,2007,1,31063,8.4,11
,19,IDCJAC0009,2007,1,31063,3.2,11
,20,IDCJAC0009,2007,1,31063,8,11
,21,IDCJAC0009,2007,1,31063,5.2,11
,22,IDCJAC0009,2007,,31063,0,11
,23,IDCJAC0009,2007,,31063,0,11
,24,IDCJAC0009,2007,1,31063,1.6,11
,25,IDCJAC0009,2007,,31063,0,11
,26,IDCJAC0009,2007,,31063,0,11
,27,IDCJAC0009,2007,,31063,0,11
,28,IDCJAC0009,2007,1,31063,2.2,11
,29,IDCJAC0009,2007,,31063,0,11
,30,IDCJAC0009,2007,1,31063,2.2,11
,1,IDCJAC0009,2007,1,31063,1.8,12
,2,IDCJAC0009,2007,,31063,0,12
,3,IDCJAC0009,2007,1,31063,1.6,12
,4,IDCJAC0009,2007,1,31063,54.6,12
,5,IDCJAC0009,2007,,31063,0,12
,6,IDCJAC0009,2007,,31063,0,12
,7,IDCJAC0009,2007,1,31063,6.8,12
,8,IDCJAC0009,2007,,31063,0,12
,9,IDCJAC0009,2007,,31063,0,12
,10,IDCJAC0009,2007,,31063,0,12
,11,IDCJAC0009,2007,,31063,0,12
,12,IDCJAC0009,2007,,31063,0,12
,13,IDCJAC0009,2007,,31063,0,12
,14,IDCJAC0009,2007,,31063,0,12
,15,IDCJAC0009,2007,1,31063,1.8,12
,16,IDCJAC0009,2007,1,31063,4.8,12
,17,IDCJAC0009,2007,,31063,0,12
,18,IDCJAC0009,2007,,31063,0,12
,19,IDCJAC0009,2007,,31063,0,12
,20,IDCJAC0009,2007,1,31063,4.6,12
,21,IDCJAC0009,2007,1,31063,1,12
,22,IDCJAC0009,2007,1,31063,5.4,12
,23,IDCJAC0009,2007,,31063,0,12
,24,IDCJAC0009,2007,,31063,0,12
,25,IDCJAC0009,2007,,31063,0,12
,26,IDCJAC0009,2007,,31063,0,12
,27,IDCJAC0009,2007,1,31063,44.2,12
,28,IDCJAC0009,2007,1,31063,8.4,12
,29,IDCJAC0009,2007,1,31063,44.4,12
,30,IDCJAC0009,2007,1,31063,47.2,12
,31,IDCJAC0009,2007,1,31063,1.6,12
,1,IDCJAC0009,2008,,31063,0,1
,2,IDCJAC0009,2008,,31063,0,1
,3,IDCJAC0009,2008,1,31063,2.6,1
,4,IDCJAC0009,2008,,31063,0,1
,5,IDCJAC0009,2008,1,31063,1,1
,6,IDCJAC0009,2008,1,31063,3,1
,7,IDCJAC0009,2008,1,31063,65.6,1
,8,IDCJAC0009,2008,1,31063,201.2,1
,9,IDCJAC0009,2008,1,31063,134.6,1
,10,IDCJAC0009,2008,1,31063,2,1
,11,IDCJAC0009,2008,1,31063,0.8,1
,12,IDCJAC0009,2008,1,31063,3.4,1
,13,IDCJAC0009,2008,1,31063,13.2,1
,14,IDCJAC0009,2008,1,31063,6.8,1
,15,IDCJAC0009,2008,1,31063,3.4,1
,16,IDCJAC0009,2008,,31063,0,1
,17,IDCJAC0009,2008,,31063,0,1
,18,IDCJAC0009,2008,,31063,0,1
,19,IDCJAC0009,2008,1,31063,6,1
,20,IDCJAC0009,2008,,31063,0,1
,21,IDCJAC0009,2008,,31063,0,1
,22,IDCJAC0009,2008,,31063,0,1
,23,IDCJAC0009,2008,1,31063,3.6,1
,24,IDCJAC0009,2008,1,31063,18.2,1
,25,IDCJAC0009,2008,1,31063,2.2,1
,26,IDCJAC0009,2008,1,31063,56.6,1
,27,IDCJAC0009,2008,,31063,0,1
,28,IDCJAC0009,2008,,31063,0,1
,29,IDCJAC0009,2008,,31063,0,1
,30,IDCJAC0009,2008,1,31063,37.6,1
,31,IDCJAC0009,2008,1,31063,15.8,1
,1,IDCJAC0009,2008,1,31063,29.2,2
,2,IDCJAC0009,2008,1,31063,2.2,2
,3,IDCJAC0009,2008,1,31063,27,2
,4,IDCJAC0009,2008,,31063,0,2
,5,IDCJAC0009,2008,,31063,0,2
,6,IDCJAC0009,2008,,31063,0,2
,7,IDCJAC0009,2008,,31063,0,2
,8,IDCJAC0009,2008,1,31063,7.4,2
,9,IDCJAC0009,2008,1,31063,0.6,2
,10,IDCJAC0009,2008,1,31063,8.6,2
,11,IDCJAC0009,2008,1,31063,122.2,2
,12,IDCJAC0009,2008,1,31063,2,2
,13,IDCJAC0009,2008,1,31063,5.2,2
,14,IDCJAC0009,2008,1,31063,9.6,2
,15,IDCJAC0009,2008,1,31063,29.6,2
,16,IDCJAC0009,2008,1,31063,5,2
,17,IDCJAC0009,2008,1,31063,98.4,2
,18,IDCJAC0009,2008,1,31063,58.8,2
,19,IDCJAC0009,2008,1,31063,115,2
,20,IDCJAC0009,2008,1,31063,11,2
,21,IDCJAC0009,2008,,31063,0,2
,22,IDCJAC0009,2008,,31063,0,2
,23,IDCJAC0009,2008,,31063,0,2
,24,IDCJAC0009,2008,,31063,0,2
,25,IDCJAC0009,2008,,31063,0,2
,26,IDCJAC0009,2008,1,31063,49.6,2
,27,IDCJAC0009,2008,1,31063,6.6,2
,28,IDCJAC0009,2008,1,31063,61.4,2
,29,IDCJAC0009,2008,1,31063,21.2,2
,1,IDCJAC0009,2008,,31063,0,3
,2,IDCJAC0009,2008,1,31063,22.4,3
,3,IDCJAC0009,2008,1,31063,8.8,3
,4,IDCJAC0009,2008,1,31063,200.6,3
,5,IDCJAC0009,2008,1,31063,264.2,3
,6,IDCJAC0009,2008,1,31063,13.6,3
,7,IDCJAC0009,2008,1,31063,11.2,3
,8,IDCJAC0009,2008,1,31063,3.4,3
,9,IDCJAC0009,2008,,31063,0,3
,10,IDCJAC0009,2008,1,31063,8.4,3
,11,IDCJAC0009,2008,,31063,0,3
,12,IDCJAC0009,2008,1,31063,5.2,3
,13,IDCJAC0009,2008,1,31063,196.6,3
,14,IDCJAC0009,2008,1,31063,27.4,3
,15,IDCJAC0009,2008,1,31063,136.2,3
,16,IDCJAC0009,2008,1,31063,26.8,3
,17,IDCJAC0009,2008,1,31063,28.8,3
,18,IDCJAC0009,2008,,31063,0,3
,19,IDCJAC0009,2008,1,31063,2.6,3
,20,IDCJAC0009,2008,,31063,0,3
,21,IDCJAC0009,2008,,31063,0,3
,22,IDCJAC0009,2008,,31063,0,3
,23,IDCJAC0009,2008,,31063,0,3
,24,IDCJAC0009,2008,1,31063,3.8,3
,25,IDCJAC0009,2008,,31063,0,3
,26,IDCJAC0009,2008,,31063,0,3
,27,IDCJAC0009,2008,,31063,0,3
,28,IDCJAC0009,2008,,31063,0,3
,29,IDCJAC0009,2008,,31063,0,3
,30,IDCJAC0009,2008,1,31063,11.4,3
,31,IDCJAC0009,2008,1,31063,5.4,3
,1,IDCJAC0009,2008,,31063,0,4
,2,IDCJAC0009,2008,1,31063,7.8,4
,3,IDCJAC0009,2008,,31063,0,4
,4,IDCJAC0009,2008,,31063,0,4
,5,IDCJAC0009,2008,,31063,0,4
,6,IDCJAC0009,2008,,31063,0,4
,7,IDCJAC0009,2008,,31063,0,4
,8,IDCJAC0009,2008,1,31063,1.2,4
,9,IDCJAC0009,2008,1,31063,5,4
,10,IDCJAC0009,2008,,31063,0,4
,11,IDCJAC0009,2008,,31063,0,4
,12,IDCJAC0009,2008,,31063,0,4
,13,IDCJAC0009,2008,,31063,0,4
,14,IDCJAC0009,2008,,31063,0,4
,15,IDCJAC0009,2008,,31063,0,4
,16,IDCJAC0009,2008,,31063,0,4
,17,IDCJAC0009,2008,1,31063,3.2,4
,18,IDCJAC0009,2008,1,31063,2.6,4
,19,IDCJAC0009,2008,,31063,0,4
,20,IDCJAC0009,2008,1,31063,0.8,4
,21,IDCJAC0009,2008,1,31063,1.4,4
,22,IDCJAC0009,2008,,31063,0,4
,23,IDCJAC0009,2008,,31063,0,4
,24,IDCJAC0009,2008,,31063,0,4
,25,IDCJAC0009,2008,,31063,0,4
,26,IDCJAC0009,2008,,31063,0,4
,27,IDCJAC0009,2008,,31063,0,4
,28,IDCJAC0009,2008,,31063,0,4
,29,IDCJAC0009,2008,,31063,0,4
,30,IDCJAC0009,2008,,31063,0,4
,1,IDCJAC0009,2008,,31063,0,5
,2,IDCJAC0009,2008,,31063,0,5
,3,IDCJAC0009,2008,1,31063,3.2,5
,4,IDCJAC0009,2008,,31063,0,5
,5,IDCJAC0009,2008,1,31063,0.4,5
,6,IDCJAC0009,2008,,31063,0,5
,7,IDCJAC0009,2008,1,31063,4.2,5
,8,IDCJAC0009,2008,,31063,0,5
,9,IDCJAC0009,2008,,31063,0,5
,10,IDCJAC0009,2008,,31063,0,5
,11,IDCJAC0009,2008,,31063,0,5
,12,IDCJAC0009,2008,1,31063,0.8,5
,13,IDCJAC0009,2008,,31063,0,5
,14,IDCJAC0009,2008,1,31063,2.8,5
,15,IDCJAC0009,2008,,31063,0,5
,16,IDCJAC0009,2008,,31063,0,5
,17,IDCJAC0009,2008,,31063,0,5
,18,IDCJAC0009,2008,,31063,0,5
,19,IDCJAC0009,2008,,31063,0,5
,20,IDCJAC0009,2008,,31063,0,5
,21,IDCJAC0009,2008,,31063,0,5
,22,IDCJAC0009,2008,,31063,0,5
,23,IDCJAC0009,2008,1,31063,21.2,5
,24,IDCJAC0009,2008,1,31063,3.6,5
,25,IDCJAC0009,2008,1,31063,8.6,5
,26,IDCJAC0009,2008,1,31063,3.4,5
,27,IDCJAC0009,2008,1,31063,3.2,5
,28,IDCJAC0009,2008,1,31063,1.4,5
,29,IDCJAC0009,2008,,31063,0,5
,30,IDCJAC0009,2008,,31063,0,5
,31,IDCJAC0009,2008,,31063,0,5
,1,IDCJAC0009,2008,,31063,0,6
,2,IDCJAC0009,2008,,31063,0,6
,3,IDCJAC0009,2008,,31063,0,6
,4,IDCJAC0009,2008,,31063,0,6
,5,IDCJAC0009,2008,1,31063,0.6,6
,6,IDCJAC0009,2008,1,31063,1.2,6
,7,IDCJAC0009,2008,,31063,0,6
,8,IDCJAC0009,2008,,31063,0,6
,9,IDCJAC0009,2008,,31063,0,6
,10,IDCJAC0009,2008,,31063,0,6
,11,IDCJAC0009,2008,,31063,0,6
,12,IDCJAC0009,2008,1,31063,3.8,6
,13,IDCJAC0009,2008,,31063,0,6
,14,IDCJAC0009,2008,,31063,0,6
,15,IDCJAC0009,2008,,31063,0,6
,16,IDCJAC0009,2008,,31063,0,6
,17,IDCJAC0009,2008,1,31063,2,6
,18,IDCJAC0009,2008,1,31063,8.4,6
,19,IDCJAC0009,2008,,31063,0,6
,20,IDCJAC0009,2008,,31063,0,6
,21,IDCJAC0009,2008,,31063,0,6
,22,IDCJAC0009,2008,,31063,0,6
,23,IDCJAC0009,2008,,31063,0,6
,24,IDCJAC0009,2008,,31063,0,6
,25,IDCJAC0009,2008,,31063,0,6
,26,IDCJAC0009,2008,1,31063,1.2,6
,27,IDCJAC0009,2008,,31063,0,6
,28,IDCJAC0009,2008,,31063,0,6
,29,IDCJAC0009,2008,1,31063,1.8,6
,30,IDCJAC0009,2008,1,31063,3.4,6
,1,IDCJAC0009,2008,,31063,0,7
,2,IDCJAC0009,2008,,31063,0,7
,3,IDCJAC0009,2008,,31063,0,7
,4,IDCJAC0009,2008,,31063,0,7
,5,IDCJAC0009,2008,,31063,0,7
,6,IDCJAC0009,2008,,31063,0,7
,7,IDCJAC0009,2008,1,31063,2.4,7
,8,IDCJAC0009,2008,1,31063,4.2,7
,9,IDCJAC0009,2008,1,31063,0.8,7
,10,IDCJAC0009,2008,,31063,0,7
,11,IDCJAC0009,2008,,31063,0,7
,12,IDCJAC0009,2008,,31063,0,7
,13,IDCJAC0009,2008,,31063,0,7
,14,IDCJAC0009,2008,,31063,0,7
,15,IDCJAC0009,2008,,31063,0,7
,16,IDCJAC0009,2008,1,31063,30.8,7
,17,IDCJAC0009,2008,,31063,0,7
,18,IDCJAC0009,2008,,31063,0,7
,19,IDCJAC0009,2008,,31063,0,7
,20,IDCJAC0009,2008,,31063,0,7
,21,IDCJAC0009,2008,1,31063,7.8,7
,22,IDCJAC0009,2008,1,31063,5.8,7
,23,IDCJAC0009,2008,1,31063,24.8,7
,24,IDCJAC0009,2008,1,31063,0.6,7
,25,IDCJAC0009,2008,,31063,0,7
,26,IDCJAC0009,2008,,31063,0,7
,27,IDCJAC0009,2008,,31063,0,7
,28,IDCJAC0009,2008,,31063,0,7
,29,IDCJAC0009,2008,,31063,0,7
,30,IDCJAC0009,2008,,31063,0,7
,31,IDCJAC0009,2008,,31063,0,7
,1,IDCJAC0009,2008,,31063,0,8
,2,IDCJAC0009,2008,,31063,0,8
,3,IDCJAC0009,2008,,31063,0,8
,4,IDCJAC0009,2008,,31063,0,8
,5,IDCJAC0009,2008,,31063,0,8
,6,IDCJAC0009,2008,,31063,0,8
,7,IDCJAC0009,2008,,31063,0,8
,8,IDCJAC0009,2008,,31063,0,8
,9,IDCJAC0009,2008,,31063,0,8
,10,IDCJAC0009,2008,,31063,0,8
,11,IDCJAC0009,2008,,31063,0,8
,12,IDCJAC0009,2008,,31063,0,8
,13,IDCJAC0009,2008,,31063,0,8
,14,IDCJAC0009,2008,,31063,0,8
,15,IDCJAC0009,2008,,31063,0,8
,16,IDCJAC0009,2008,,31063,0,8
,17,IDCJAC0009,2008,,31063,0,8
,18,IDCJAC0009,2008,,31063,0,8
,19,IDCJAC0009,2008,,31063,0,8
,20,IDCJAC0009,2008,,31063,0,8
,21,IDCJAC0009,2008,,31063,0,8
,22,IDCJAC0009,2008,,31063,0,8
,23,IDCJAC0009,2008,1,31063,2,8
,24,IDCJAC0009,2008,,31063,0,8
,25,IDCJAC0009,2008,,31063,0,8
,26,IDCJAC0009,2008,1,31063,0.8,8
,27,IDCJAC0009,2008,1,31063,0.4,8
,28,IDCJAC0009,2008,,31063,0,8
,29,IDCJAC0009,2008,1,31063,1,8
,30,IDCJAC0009,2008,1,31063,0.6,8
,31,IDCJAC0009,2008,,31063,0,8
,1,IDCJAC0009,2008,,31063,0,9
,2,IDCJAC0009,2008,,31063,0,9
,3,IDCJAC0009,2008,,31063,0,9
,4,IDCJAC0009,2008,,31063,0,9
,5,IDCJAC0009,2008,,31063,0,9
,6,IDCJAC0009,2008,,31063,0,9
,7,IDCJAC0009,2008,,31063,0,9
,8,IDCJAC0009,2008,1,31063,0.6,9
,9,IDCJAC0009,2008,1,31063,7.6,9
,10,IDCJAC0009,2008,1,31063,7.4,9
,11,IDCJAC0009,2008,1,31063,4.2,9
,12,IDCJAC0009,2008,1,31063,10.4,9
,13,IDCJAC0009,2008,,31063,0,9
,14,IDCJAC0009,2008,,31063,0,9
,15,IDCJAC0009,2008,,31063,0,9
,16,IDCJAC0009,2008,,31063,0,9
,17,IDCJAC0009,2008,,31063,0,9
,18,IDCJAC0009,2008,,31063,0,9
,19,IDCJAC0009,2008,,31063,0,9
,20,IDCJAC0009,2008,,31063,0,9
,21,IDCJAC0009,2008,,31063,0,9
,22,IDCJAC0009,2008,,31063,0,9
,23,IDCJAC0009,2008,,31063,0,9
,24,IDCJAC0009,2008,,31063,0,9
,25,IDCJAC0009,2008,,31063,0,9
,26,IDCJAC0009,2008,,31063,0,9
,27,IDCJAC0009,2008,,31063,0,9
,28,IDCJAC0009,2008,1,31063,11.8,9
,29,IDCJAC0009,2008,,31063,0,9
,30,IDCJAC0009,2008,,31063,0,9
,1,IDCJAC0009,2008,,31063,0,10
,2,IDCJAC0009,2008,,31063,0,10
,3,IDCJAC0009,2008,1,31063,30.6,10
,4,IDCJAC0009,2008,1,31063,13.6,10
,5,IDCJAC0009,2008,1,31063,0.8,10
,6,IDCJAC0009,2008,,31063,0,10
,7,IDCJAC0009,2008,,31063,0,10
,8,IDCJAC0009,2008,,31063,0,10
,9,IDCJAC0009,2008,,31063,0,10
,10,IDCJAC0009,2008,,31063,0,10
,11,IDCJAC0009,2008,,31063,0,10
,12,IDCJAC0009,2008,,31063,0,10
,13,IDCJAC0009,2008,1,31063,5,10
,14,IDCJAC0009,2008,,31063,,10
,15,IDCJAC0009,2008,2,31063,8.2,10
,16,IDCJAC0009,2008,,31063,0,10
,17,IDCJAC0009,2008,,31063,0,10
,18,IDCJAC0009,2008,1,31063,2.6,10
,19,IDCJAC0009,2008,1,31063,5.6,10
,20,IDCJAC0009,2008,1,31063,2.4,10
,21,IDCJAC0009,2008,,31063,0,10
,22,IDCJAC0009,2008,1,31063,1.8,10
,23,IDCJAC0009,2008,,31063,0,10
,24,IDCJAC0009,2008,,31063,0,10
,25,IDCJAC0009,2008,,31063,0,10
,26,IDCJAC0009,2008,,31063,0,10
,27,IDCJAC0009,2008,,31063,0,10
,28,IDCJAC0009,2008,,31063,0,10
,29,IDCJAC0009,2008,,31063,0,10
,30,IDCJAC0009,2008,,31063,0,10
,31,IDCJAC0009,2008,,31063,0,10
,1,IDCJAC0009,2008,1,31063,1.4,11
,2,IDCJAC0009,2008,,31063,0,11
,3,IDCJAC0009,2008,,31063,0,11
,4,IDCJAC0009,2008,,31063,0,11
,5,IDCJAC0009,2008,,31063,0,11
,6,IDCJAC0009,2008,,31063,0,11
,7,IDCJAC0009,2008,,31063,0,11
,8,IDCJAC0009,2008,,31063,0,11
,9,IDCJAC0009,2008,,31063,0,11
,10,IDCJAC0009,2008,,31063,0,11
,11,IDCJAC0009,2008,1,31063,0.4,11
,12,IDCJAC0009,2008,,31063,0,11
,13,IDCJAC0009,2008,,31063,0,11
,14,IDCJAC0009,2008,,31063,0,11
,15,IDCJAC0009,2008,,31063,0,11
,16,IDCJAC0009,2008,,31063,0,11
,17,IDCJAC0009,2008,,31063,0,11
,18,IDCJAC0009,2008,,31063,,11
,19,IDCJAC0009,2008,,31063,,11
,20,IDCJAC0009,2008,3,31063,69.2,11
,21,IDCJAC0009,2008,1,31063,1,11
,22,IDCJAC0009,2008,,31063,0,11
,23,IDCJAC0009,2008,,31063,0,11
,24,IDCJAC0009,2008,,31063,0,11
,25,IDCJAC0009,2008,,31063,0,11
,26,IDCJAC0009,2008,1,31063,1.2,11
,27,IDCJAC0009,2008,,31063,,11
,28,IDCJAC0009,2008,2,31063,11,11
,29,IDCJAC0009,2008,1,31063,13.6,11
,30,IDCJAC0009,2008,1,31063,25.4,11
,1,IDCJAC0009,2008,1,31063,1.6,12
,2,IDCJAC0009,2008,1,31063,19.2,12
,3,IDCJAC0009,2008,1,31063,2.2,12
,4,IDCJAC0009,2008,,31063,0,12
,5,IDCJAC0009,2008,,31063,0,12
,6,IDCJAC0009,2008,,31063,0,12
,7,IDCJAC0009,2008,,31063,0,12
,8,IDCJAC0009,2008,,31063,0,12
,9,IDCJAC0009,2008,1,31063,3,12
,10,IDCJAC0009,2008,,31063,0,12
,11,IDCJAC0009,2008,,31063,0,12
,12,IDCJAC0009,2008,,31063,0,12
,13,IDCJAC0009,2008,,31063,0,12
,14,IDCJAC0009,2008,,31063,0,12
,15,IDCJAC0009,2008,1,31063,4.8,12
,16,IDCJAC0009,2008,,31063,0,12
,17,IDCJAC0009,2008,1,31063,27.8,12
,18,IDCJAC0009,2008,1,31063,3.2,12
,19,IDCJAC0009,2008,,31063,0,12
,20,IDCJAC0009,2008,,31063,0,12
,21,IDCJAC0009,2008,,31063,,12
,22,IDCJAC0009,2008,,31063,,12
,23,IDCJAC0009,2008,,31063,,12
,24,IDCJAC0009,2008,,31063,,12
,25,IDCJAC0009,2008,,31063,,12
,26,IDCJAC0009,2008,,31063,,12
,27,IDCJAC0009,2008,,31063,,12
,28,IDCJAC0009,2008,,31063,,12
,29,IDCJAC0009,2008,,31063,,12
,30,IDCJAC0009,2008,,31063,,12
,31,IDCJAC0009,2008,,31063,,12
,1,IDCJAC0009,2009,,31063,,1
,2,IDCJAC0009,2009,,31063,,1
,3,IDCJAC0009,2009,,31063,,1
,4,IDCJAC0009,2009,,31063,,1
,5,IDCJAC0009,2009,5,31063,30.4,1
,6,IDCJAC0009,2009,1,31063,5,1
,7,IDCJAC0009,2009,,31063,0,1
,8,IDCJAC0009,2009,,31063,0,1
,9,IDCJAC0009,2009,1,31063,18.8,1
,10,IDCJAC0009,2009,1,31063,102.2,1
,11,IDCJAC0009,2009,1,31063,66.2,1
,12,IDCJAC0009,2009,1,31063,225.4,1
,13,IDCJAC0009,2009,1,31063,175.2,1
,14,IDCJAC0009,2009,,31063,0,1
,15,IDCJAC0009,2009,,31063,0,1
,16,IDCJAC0009,2009,1,31063,33.2,1
,17,IDCJAC0009,2009,1,31063,31.8,1
,18,IDCJAC0009,2009,1,31063,1.2,1
,19,IDCJAC0009,2009,1,31063,104.8,1
,20,IDCJAC0009,2009,1,31063,11.4,1
,21,IDCJAC0009,2009,1,31063,38.4,1
,22,IDCJAC0009,2009,,31063,0,1
,23,IDCJAC0009,2009,,31063,0,1
,24,IDCJAC0009,2009,,31063,0,1
,25,IDCJAC0009,2009,1,31063,0.8,1
,26,IDCJAC0009,2009,1,31063,3.8,1
,27,IDCJAC0009,2009,,31063,0,1
,28,IDCJAC0009,2009,,31063,0,1
,29,IDCJAC0009,2009,1,31063,47.2,1
,30,IDCJAC0009,2009,1,31063,1.2,1
,31,IDCJAC0009,2009,1,31063,44.2,1
,1,IDCJAC0009,2009,1,31063,62.6,2
,2,IDCJAC0009,2009,1,31063,28.8,2
,3,IDCJAC0009,2009,1,31063,9.4,2
,4,IDCJAC0009,2009,1,31063,22.4,2
,5,IDCJAC0009,2009,1,31063,12.2,2
,6,IDCJAC0009,2009,1,31063,28.2,2
,7,IDCJAC0009,2009,1,31063,51.8,2
,8,IDCJAC0009,2009,1,31063,123.4,2
,9,IDCJAC0009,2009,1,31063,8.6,2
,10,IDCJAC0009,2009,1,31063,34.8,2
,11,IDCJAC0009,2009,1,31063,1.2,2
,12,IDCJAC0009,2009,1,31063,6.4,2
,13,IDCJAC0009,2009,,31063,0,2
,14,IDCJAC0009,2009,1,31063,57.8,2
,15,IDCJAC0009,2009,,31063,0,2
,16,IDCJAC0009,2009,,31063,0,2
,17,IDCJAC0009,2009,,31063,0,2
,18,IDCJAC0009,2009,,31063,0,2
,19,IDCJAC0009,2009,,31063,0,2
,20,IDCJAC0009,2009,,31063,0,2
,21,IDCJAC0009,2009,1,31063,4.2,2
,22,IDCJAC0009,2009,1,31063,41.6,2
,23,IDCJAC0009,2009,1,31063,34.8,2
,24,IDCJAC0009,2009,1,31063,83.4,2
,25,IDCJAC0009,2009,1,31063,4.4,2
,26,IDCJAC0009,2009,,31063,0,2
,27,IDCJAC0009,2009,1,31063,3.2,2
,28,IDCJAC0009,2009,1,31063,1.4,2
,1,IDCJAC0009,2009,,31063,0,3
,2,IDCJAC0009,2009,,31063,0,3
,3,IDCJAC0009,2009,,31063,0,3
,4,IDCJAC0009,2009,,31063,0,3
,5,IDCJAC0009,2009,,31063,0,3
,6,IDCJAC0009,2009,1,31063,9.4,3
,7,IDCJAC0009,2009,1,31063,73.8,3
,8,IDCJAC0009,2009,1,31063,25.8,3
,9,IDCJAC0009,2009,,31063,0,3
,10,IDCJAC0009,2009,,31063,0,3
,11,IDCJAC0009,2009,1,31063,6.4,3
,12,IDCJAC0009,2009,1,31063,11.8,3
,13,IDCJAC0009,2009,1,31063,5.8,3
,14,IDCJAC0009,2009,,31063,0,3
,15,IDCJAC0009,2009,1,31063,1.2,3
,16,IDCJAC0009,2009,,31063,0,3
,17,IDCJAC0009,2009,,31063,0,3
,18,IDCJAC0009,2009,,31063,0,3
,19,IDCJAC0009,2009,1,31063,22.8,3
,20,IDCJAC0009,2009,1,31063,1.6,3
,21,IDCJAC0009,2009,,31063,0,3
,22,IDCJAC0009,2009,,31063,0,3
,23,IDCJAC0009,2009,,31063,0,3
,24,IDCJAC0009,2009,1,31063,2.4,3
,25,IDCJAC0009,2009,,31063,0,3
,26,IDCJAC0009,2009,,31063,0,3
,27,IDCJAC0009,2009,,31063,0,3
,28,IDCJAC0009,2009,1,31063,8,3
,29,IDCJAC0009,2009,,31063,0,3
,30,IDCJAC0009,2009,,31063,0,3
,31,IDCJAC0009,2009,,31063,0,3
,1,IDCJAC0009,2009,,31063,0,4
,2,IDCJAC0009,2009,,31063,0,4
,3,IDCJAC0009,2009,,31063,0,4
,4,IDCJAC0009,2009,,31063,0,4
,5,IDCJAC0009,2009,,31063,0,4
,6,IDCJAC0009,2009,,31063,0,4
,7,IDCJAC0009,2009,,31063,0,4
,8,IDCJAC0009,2009,1,31063,2.8,4
,9,IDCJAC0009,2009,1,31063,42.8,4
,10,IDCJAC0009,2009,1,31063,48.2,4
,11,IDCJAC0009,2009,1,31063,11.4,4
,12,IDCJAC0009,2009,1,31063,2.2,4
,13,IDCJAC0009,2009,1,31063,13.2,4
,14,IDCJAC0009,2009,1,31063,16.8,4
,15,IDCJAC0009,2009,1,31063,6.6,4
,16,IDCJAC0009,2009,1,31063,0.8,4
,17,IDCJAC0009,2009,1,31063,1.6,4
,18,IDCJAC0009,2009,1,31063,9,4
,19,IDCJAC0009,2009,,31063,0,4
,20,IDCJAC0009,2009,,31063,0,4
,21,IDCJAC0009,2009,,31063,0,4
,22,IDCJAC0009,2009,,31063,0,4
,23,IDCJAC0009,2009,,31063,0,4
,24,IDCJAC0009,2009,,31063,0,4
,25,IDCJAC0009,2009,,31063,0,4
,26,IDCJAC0009,2009,,31063,0,4
,27,IDCJAC0009,2009,,31063,0,4
,28,IDCJAC0009,2009,,31063,0,4
,29,IDCJAC0009,2009,,31063,0,4
,30,IDCJAC0009,2009,,31063,0,4
,1,IDCJAC0009,2009,,31063,0,5
,2,IDCJAC0009,2009,1,31063,1.6,5
,3,IDCJAC0009,2009,,31063,0,5
,4,IDCJAC0009,2009,1,31063,3.6,5
,5,IDCJAC0009,2009,1,31063,3.4,5
,6,IDCJAC0009,2009,,31063,0,5
,7,IDCJAC0009,2009,1,31063,7.8,5
,8,IDCJAC0009,2009,1,31063,7,5
,9,IDCJAC0009,2009,1,31063,14.6,5
,10,IDCJAC0009,2009,1,31063,9.8,5
,11,IDCJAC0009,2009,,31063,,5
,12,IDCJAC0009,2009,2,31063,11.4,5
,13,IDCJAC0009,2009,1,31063,0.8,5
,14,IDCJAC0009,2009,,31063,0,5
,15,IDCJAC0009,2009,1,31063,0.6,5
,16,IDCJAC0009,2009,,31063,0,5
,17,IDCJAC0009,2009,,31063,0,5
,18,IDCJAC0009,2009,,31063,0,5
,19,IDCJAC0009,2009,,31063,0,5
,20,IDCJAC0009,2009,,31063,0,5
,21,IDCJAC0009,2009,,31063,0,5
,22,IDCJAC0009,2009,,31063,0,5
,23,IDCJAC0009,2009,,31063,0,5
,24,IDCJAC0009,2009,,31063,0,5
,25,IDCJAC0009,2009,,31063,0,5
,26,IDCJAC0009,2009,1,31063,16.4,5
,27,IDCJAC0009,2009,1,31063,19.8,5
,28,IDCJAC0009,2009,,31063,0,5
,29,IDCJAC0009,2009,,31063,0,5
,30,IDCJAC0009,2009,,31063,0,5
,31,IDCJAC0009,2009,1,31063,3.6,5
,1,IDCJAC0009,2009,1,31063,11.4,6
,2,IDCJAC0009,2009,1,31063,5.2,6
,3,IDCJAC0009,2009,,31063,0,6
,4,IDCJAC0009,2009,,31063,0,6
,5,IDCJAC0009,2009,,31063,0,6
,6,IDCJAC0009,2009,,31063,0,6
,7,IDCJAC0009,2009,,31063,0,6
,8,IDCJAC0009,2009,,31063,0,6
,9,IDCJAC0009,2009,,31063,0,6
,10,IDCJAC0009,2009,,31063,0,6
,11,IDCJAC0009,2009,,31063,0,6
,12,IDCJAC0009,2009,,31063,0,6
,13,IDCJAC0009,2009,,31063,0,6
,14,IDCJAC0009,2009,,31063,0,6
,15,IDCJAC0009,2009,,31063,0,6
,16,IDCJAC0009,2009,,31063,0,6
,17,IDCJAC0009,2009,,31063,0,6
,18,IDCJAC0009,2009,,31063,0,6
,19,IDCJAC0009,2009,,31063,0,6
,20,IDCJAC0009,2009,,31063,0,6
,21,IDCJAC0009,2009,,31063,0,6
,22,IDCJAC0009,2009,,31063,0,6
,23,IDCJAC0009,2009,,31063,0,6
,24,IDCJAC0009,2009,,31063,0,6
,25,IDCJAC0009,2009,,31063,0,6
,26,IDCJAC0009,2009,,31063,0,6
,27,IDCJAC0009,2009,,31063,0,6
,28,IDCJAC0009,2009,,31063,0,6
,29,IDCJAC0009,2009,,31063,0,6
,30,IDCJAC0009,2009,,31063,0,6
,1,IDCJAC0009,2009,,31063,0,7
,2,IDCJAC0009,2009,,31063,0,7
,3,IDCJAC0009,2009,,31063,0,7
,4,IDCJAC0009,2009,,31063,0,7
,5,IDCJAC0009,2009,,31063,0,7
,6,IDCJAC0009,2009,,31063,0,7
,7,IDCJAC0009,2009,,31063,0,7
,8,IDCJAC0009,2009,,31063,0,7
,9,IDCJAC0009,2009,,31063,0,7
,10,IDCJAC0009,2009,,31063,0,7
,11,IDCJAC0009,2009,,31063,0,7
,12,IDCJAC0009,2009,,31063,0,7
,13,IDCJAC0009,2009,,31063,0,7
,14,IDCJAC0009,2009,,31063,0,7
,15,IDCJAC0009,2009,,31063,0,7
,16,IDCJAC0009,2009,,31063,0,7
,17,IDCJAC0009,2009,,31063,0,7
,18,IDCJAC0009,2009,,31063,0,7
,19,IDCJAC0009,2009,,31063,0,7
,20,IDCJAC0009,2009,,31063,0,7
,21,IDCJAC0009,2009,,31063,0,7
,22,IDCJAC0009,2009,1,31063,2.2,7
,23,IDCJAC0009,2009,,31063,0,7
,24,IDCJAC0009,2009,,31063,0,7
,25,IDCJAC0009,2009,1,31063,0.2,7
,26,IDCJAC0009,2009,1,31063,2,7
,27,IDCJAC0009,2009,1,31063,1.8,7
,28,IDCJAC0009,2009,,31063,0,7
,29,IDCJAC0009,2009,1,31063,1.4,7
,30,IDCJAC0009,2009,,31063,0,7
,31,IDCJAC0009,2009,,31063,0,7
,1,IDCJAC0009,2009,,31063,0,8
,2,IDCJAC0009,2009,,31063,0,8
,3,IDCJAC0009,2009,1,31063,1.6,8
,4,IDCJAC0009,2009,1,31063,0.4,8
,5,IDCJAC0009,2009,,31063,0,8
,6,IDCJAC0009,2009,,31063,0,8
,7,IDCJAC0009,2009,1,31063,0.8,8
,8,IDCJAC0009,2009,,31063,0,8
,9,IDCJAC0009,2009,,31063,0,8
,10,IDCJAC0009,2009,,31063,0,8
,11,IDCJAC0009,2009,,31063,0,8
,12,IDCJAC0009,2009,,31063,0,8
,13,IDCJAC0009,2009,,31063,0,8
,14,IDCJAC0009,2009,,31063,0,8
,15,IDCJAC0009,2009,,31063,0,8
,16,IDCJAC0009,2009,,31063,0,8
,17,IDCJAC0009,2009,,31063,0,8
,18,IDCJAC0009,2009,,31063,0,8
,19,IDCJAC0009,2009,,31063,0,8
,20,IDCJAC0009,2009,1,31063,1.4,8
,21,IDCJAC0009,2009,,31063,0,8
,22,IDCJAC0009,2009,,31063,0,8
,23,IDCJAC0009,2009,,31063,0,8
,24,IDCJAC0009,2009,,31063,0,8
,25,IDCJAC0009,2009,,31063,0,8
,26,IDCJAC0009,2009,,31063,0,8
,27,IDCJAC0009,2009,,31063,0,8
,28,IDCJAC0009,2009,,31063,0,8
,29,IDCJAC0009,2009,,31063,0,8
,30,IDCJAC0009,2009,,31063,0,8
,31,IDCJAC0009,2009,,31063,0,8
,1,IDCJAC0009,2009,,31063,,9
,2,IDCJAC0009,2009,,31063,,9
,3,IDCJAC0009,2009,,31063,,9
,4,IDCJAC0009,2009,,31063,,9
,5,IDCJAC0009,2009,,31063,,9
,6,IDCJAC0009,2009,,31063,,9
,7,IDCJAC0009,2009,,31063,,9
,8,IDCJAC0009,2009,,31063,,9
,9,IDCJAC0009,2009,,31063,,9
,10,IDCJAC0009,2009,,31063,,9
,11,IDCJAC0009,2009,,31063,,9
,12,IDCJAC0009,2009,,31063,,9
,13,IDCJAC0009,2009,,31063,,9
,14,IDCJAC0009,2009,,31063,0,9
,15,IDCJAC0009,2009,,31063,0,9
,16,IDCJAC0009,2009,1,31063,1.2,9
,17,IDCJAC0009,2009,1,31063,0.4,9
,18,IDCJAC0009,2009,,31063,0,9
,19,IDCJAC0009,2009,1,31063,1.2,9
,20,IDCJAC0009,2009,,31063,0,9
,21,IDCJAC0009,2009,,31063,0,9
,22,IDCJAC0009,2009,,31063,0,9
,23,IDCJAC0009,2009,,31063,0,9
,24,IDCJAC0009,2009,,31063,0,9
,25,IDCJAC0009,2009,,31063,0,9
,26,IDCJAC0009,2009,,31063,0,9
,27,IDCJAC0009,2009,,31063,0,9
,28,IDCJAC0009,2009,,31063,0,9
,29,IDCJAC0009,2009,,31063,0,9
,30,IDCJAC0009,2009,,31063,0,9
,1,IDCJAC0009,2009,,31063,0,10
,2,IDCJAC0009,2009,,31063,0,10
,3,IDCJAC0009,2009,,31063,0,10
,4,IDCJAC0009,2009,,31063,0,10
,5,IDCJAC0009,2009,,31063,0,10
,6,IDCJAC0009,2009,,31063,0,10
,7,IDCJAC0009,2009,,31063,0,10
,8,IDCJAC0009,2009,,31063,0,10
,9,IDCJAC0009,2009,,31063,0,10
,10,IDCJAC0009,2009,,31063,0,10
,11,IDCJAC0009,2009,1,31063,1.4,10
,12,IDCJAC0009,2009,1,31063,0.8,10
,13,IDCJAC0009,2009,,31063,0,10
,14,IDCJAC0009,2009,,31063,0,10
,15,IDCJAC0009,2009,,31063,0,10
,16,IDCJAC0009,2009,,31063,0,10
,17,IDCJAC0009,2009,,31063,0,10
,18,IDCJAC0009,2009,,31063,0,10
,19,IDCJAC0009,2009,,31063,0,10
,20,IDCJAC0009,2009,1,31063,31.8,10
,21,IDCJAC0009,2009,1,31063,4.4,10
,22,IDCJAC0009,2009,,31063,0,10
,23,IDCJAC0009,2009,,31063,0,10
,24,IDCJAC0009,2009,1,31063,1.6,10
,25,IDCJAC0009,2009,1,31063,0.4,10
,26,IDCJAC0009,2009,,31063,0,10
,27,IDCJAC0009,2009,,31063,0,10
,28,IDCJAC0009,2009,1,31063,1.8,10
,29,IDCJAC0009,2009,1,31063,9.8,10
,30,IDCJAC0009,2009,1,31063,7.2,10
,31,IDCJAC0009,2009,1,31063,1.8,10
,1,IDCJAC0009,2009,1,31063,0.8,11
,2,IDCJAC0009,2009,1,31063,2.8,11
,3,IDCJAC0009,2009,1,31063,0.8,11
,4,IDCJAC0009,2009,,31063,0,11
,5,IDCJAC0009,2009,,31063,0,11
,6,IDCJAC0009,2009,,31063,0,11
,7,IDCJAC0009,2009,1,31063,5.6,11
,8,IDCJAC0009,2009,1,31063,1.2,11
,9,IDCJAC0009,2009,1,31063,29,11
,10,IDCJAC0009,2009,1,31063,1.4,11
,11,IDCJAC0009,2009,1,31063,1.2,11
,12,IDCJAC0009,2009,1,31063,87.4,11
,13,IDCJAC0009,2009,1,31063,25.8,11
,14,IDCJAC0009,2009,,31063,0,11
,15,IDCJAC0009,2009,,31063,0,11
,16,IDCJAC0009,2009,,31063,0,11
,17,IDCJAC0009,2009,,31063,0,11
,18,IDCJAC0009,2009,,31063,0,11
,19,IDCJAC0009,2009,,31063,0,11
,20,IDCJAC0009,2009,,31063,0,11
,21,IDCJAC0009,2009,1,31063,3.2,11
,22,IDCJAC0009,2009,1,31063,14.6,11
,23,IDCJAC0009,2009,,31063,0,11
,24,IDCJAC0009,2009,,31063,0,11
,25,IDCJAC0009,2009,1,31063,1,11
,26,IDCJAC0009,2009,1,31063,120,11
,27,IDCJAC0009,2009,,31063,0,11
,28,IDCJAC0009,2009,,31063,0,11
,29,IDCJAC0009,2009,,31063,0,11
,30,IDCJAC0009,2009,,31063,0,11
,1,IDCJAC0009,2009,,31063,0,12
,2,IDCJAC0009,2009,,31063,0,12
,3,IDCJAC0009,2009,,31063,0,12
,4,IDCJAC0009,2009,,31063,0,12
,5,IDCJAC0009,2009,1,31063,2,12
,6,IDCJAC0009,2009,,31063,0,12
,7,IDCJAC0009,2009,1,31063,2.2,12
,8,IDCJAC0009,2009,1,31063,11.4,12
,9,IDCJAC0009,2009,,31063,0,12
,10,IDCJAC0009,2009,1,31063,3,12
,11,IDCJAC0009,2009,1,31063,18.4,12
,12,IDCJAC0009,2009,,31063,0,12
,13,IDCJAC0009,2009,,31063,0,12
,14,IDCJAC0009,2009,,31063,0,12
,15,IDCJAC0009,2009,,31063,0,12
,16,IDCJAC0009,2009,1,31063,7.8,12
,17,IDCJAC0009,2009,1,31063,11.8,12
,18,IDCJAC0009,2009,,31063,0,12
,19,IDCJAC0009,2009,,31063,0,12
,20,IDCJAC0009,2009,,31063,0,12
,21,IDCJAC0009,2009,,31063,0,12
,22,IDCJAC0009,2009,,31063,0,12
,23,IDCJAC0009,2009,,31063,0,12
,24,IDCJAC0009,2009,,31063,0,12
,25,IDCJAC0009,2009,,31063,0,12
,26,IDCJAC0009,2009,,31063,0,12
,27,IDCJAC0009,2009,1,31063,16.8,12
,28,IDCJAC0009,2009,1,31063,4.6,12
,29,IDCJAC0009,2009,,31063,0,12
,30,IDCJAC0009,2009,1,31063,6.2,12
,31,IDCJAC0009,2009,1,31063,12.2,12
,1,IDCJAC0009,2010,1,31063,84.6,1
,2,IDCJAC0009,2010,1,31063,31.2,1
,3,IDCJAC0009,2010,1,31063,6.8,1
,4,IDCJAC0009,2010,,31063,0,1
,5,IDCJAC0009,2010,1,31063,1.2,1
,6,IDCJAC0009,2010,1,31063,3,1
,7,IDCJAC0009,2010,,31063,0,1
,8,IDCJAC0009,2010,,31063,0,1
,9,IDCJAC0009,2010,1,31063,2.6,1
,10,IDCJAC0009,2010,1,31063,82.6,1
,11,IDCJAC0009,2010,1,31063,29.8,1
,12,IDCJAC0009,2010,1,31063,9.6,1
,13,IDCJAC0009,2010,,31063,0,1
,14,IDCJAC0009,2010,,31063,0,1
,15,IDCJAC0009,2010,,31063,0,1
,16,IDCJAC0009,2010,,31063,0,1
,17,IDCJAC0009,2010,,31063,0,1
,18,IDCJAC0009,2010,1,31063,7,1
,19,IDCJAC0009,2010,,31063,0,1
,20,IDCJAC0009,2010,1,31063,4.8,1
,21,IDCJAC0009,2010,1,31063,1.6,1
,22,IDCJAC0009,2010,1,31063,32.2,1
,23,IDCJAC0009,2010,1,31063,96.4,1
,24,IDCJAC0009,2010,1,31063,48.2,1
,25,IDCJAC0009,2010,1,31063,17.8,1
,26,IDCJAC0009,2010,1,31063,45.8,1
,27,IDCJAC0009,2010,1,31063,69.4,1
,28,IDCJAC0009,2010,1,31063,1.8,1
,29,IDCJAC0009,2010,1,31063,12.2,1
,30,IDCJAC0009,2010,1,31063,49,1
,31,IDCJAC0009,2010,1,31063,26,1
,1,IDCJAC0009,2010,,31063,0,2
,2,IDCJAC0009,2010,,31063,0,2
,3,IDCJAC0009,2010,,31063,0,2
,4,IDCJAC0009,2010,1,31063,0.8,2
,5,IDCJAC0009,2010,,31063,0,2
,6,IDCJAC0009,2010,1,31063,5.8,2
,7,IDCJAC0009,2010,,31063,0,2
,8,IDCJAC0009,2010,1,31063,3.2,2
,9,IDCJAC0009,2010,,31063,0,2
,10,IDCJAC0009,2010,,31063,0,2
,11,IDCJAC0009,2010,,31063,0,2
,12,IDCJAC0009,2010,1,31063,6,2
,13,IDCJAC0009,2010,,31063,0,2
,14,IDCJAC0009,2010,1,31063,10.8,2
,15,IDCJAC0009,2010,,31063,0,2
,16,IDCJAC0009,2010,,31063,0,2
,17,IDCJAC0009,2010,1,31063,11.6,2
,18,IDCJAC0009,2010,1,31063,1,2
,19,IDCJAC0009,2010,1,31063,8.2,2
,20,IDCJAC0009,2010,1,31063,6.4,2
,21,IDCJAC0009,2010,1,31063,29.6,2
,22,IDCJAC0009,2010,1,31063,19.6,2
,23,IDCJAC0009,2010,1,31063,53.8,2
,24,IDCJAC0009,2010,1,31063,28.8,2
,25,IDCJAC0009,2010,1,31063,0.8,2
,26,IDCJAC0009,2010,1,31063,12.6,2
,27,IDCJAC0009,2010,1,31063,24.8,2
,28,IDCJAC0009,2010,1,31063,0.8,2
,1,IDCJAC0009,2010,1,31063,6.8,3
,2,IDCJAC0009,2010,1,31063,2.4,3
,3,IDCJAC0009,2010,,31063,0,3
,4,IDCJAC0009,2010,,31063,0,3
,5,IDCJAC0009,2010,,31063,0,3
,6,IDCJAC0009,2010,,31063,0,3
,7,IDCJAC0009,2010,,31063,0,3
,8,IDCJAC0009,2010,,31063,0,3
,9,IDCJAC0009,2010,,31063,0,3
,10,IDCJAC0009,2010,1,31063,1.6,3
,11,IDCJAC0009,2010,1,31063,11.6,3
,12,IDCJAC0009,2010,1,31063,1.8,3
,13,IDCJAC0009,2010,1,31063,8.2,3
,14,IDCJAC0009,2010,1,31063,31.4,3
,15,IDCJAC0009,2010,1,31063,9.2,3
,16,IDCJAC0009,2010,1,31063,1.6,3
,17,IDCJAC0009,2010,1,31063,3.4,3
,18,IDCJAC0009,2010,,31063,,3
,19,IDCJAC0009,2010,2,31063,2.6,3
,20,IDCJAC0009,2010,1,31063,2.2,3
,21,IDCJAC0009,2010,,31063,0,3
,22,IDCJAC0009,2010,1,31063,8.2,3
,23,IDCJAC0009,2010,1,31063,27.6,3
,24,IDCJAC0009,2010,1,31063,6.2,3
,25,IDCJAC0009,2010,1,31063,2.8,3
,26,IDCJAC0009,2010,1,31063,122.4,3
,27,IDCJAC0009,2010,1,31063,63.2,3
,28,IDCJAC0009,2010,1,31063,73,3
,29,IDCJAC0009,2010,1,31063,23.6,3
,30,IDCJAC0009,2010,1,31063,45.4,3
,31,IDCJAC0009,2010,1,31063,9.6,3
,1,IDCJAC0009,2010,,31063,,4
,2,IDCJAC0009,2010,,31063,,4
,3,IDCJAC0009,2010,,31063,,4
,4,IDCJAC0009,2010,,31063,,4
,5,IDCJAC0009,2010,,31063,,4
,6,IDCJAC0009,2010,6,31063,253.2,4
,7,IDCJAC0009,2010,,31063,,4
,8,IDCJAC0009,2010,2,31063,16.2,4
,9,IDCJAC0009,2010,,31063,0,4
,10,IDCJAC0009,2010,,31063,0,4
,11,IDCJAC0009,2010,,31063,0,4
,12,IDCJAC0009,2010,,31063,0,4
,13,IDCJAC0009,2010,,31063,0,4
,14,IDCJAC0009,2010,1,31063,3.4,4
,15,IDCJAC0009,2010,1,31063,9.6,4
,16,IDCJAC0009,2010,1,31063,2.8,4
,17,IDCJAC0009,2010,,31063,0,4
,18,IDCJAC0009,2010,1,31063,13.4,4
,19,IDCJAC0009,2010,1,31063,17.6,4
,20,IDCJAC0009,2010,,31063,0,4
,21,IDCJAC0009,2010,,31063,0,4
,22,IDCJAC0009,2010,,31063,0,4
,23,IDCJAC0009,2010,,31063,0,4
,24,IDCJAC0009,2010,1,31063,16.2,4
,25,IDCJAC0009,2010,1,31063,4.4,4
,26,IDCJAC0009,2010,,31063,0,4
,27,IDCJAC0009,2010,1,31063,4.6,4
,28,IDCJAC0009,2010,1,31063,1.8,4
,29,IDCJAC0009,2010,,31063,0,4
,30,IDCJAC0009,2010,,31063,0,4
,1,IDCJAC0009,2010,1,31063,12.6,5
,2,IDCJAC0009,2010,,31063,0,5
,3,IDCJAC0009,2010,1,31063,6.4,5
,4,IDCJAC0009,2010,1,31063,7.2,5
,5,IDCJAC0009,2010,1,31063,3.4,5
,6,IDCJAC0009,2010,,31063,0,5
,7,IDCJAC0009,2010,,31063,0,5
,8,IDCJAC0009,2010,1,31063,4.6,5
,9,IDCJAC0009,2010,,31063,0,5
,10,IDCJAC0009,2010,1,31063,3.8,5
,11,IDCJAC0009,2010,,31063,0,5
,12,IDCJAC0009,2010,,31063,0,5
,13,IDCJAC0009,2010,,31063,0,5
,14,IDCJAC0009,2010,,31063,0,5
,15,IDCJAC0009,2010,,31063,0,5
,16,IDCJAC0009,2010,,31063,0,5
,17,IDCJAC0009,2010,,31063,0,5
,18,IDCJAC0009,2010,,31063,0,5
,19,IDCJAC0009,2010,,31063,0,5
,20,IDCJAC0009,2010,,31063,0,5
,21,IDCJAC0009,2010,,31063,0,5
,22,IDCJAC0009,2010,,31063,0,5
,23,IDCJAC0009,2010,,31063,0,5
,24,IDCJAC0009,2010,,31063,0,5
,25,IDCJAC0009,2010,,31063,0,5
,26,IDCJAC0009,2010,,31063,0,5
,27,IDCJAC0009,2010,,31063,0,5
,28,IDCJAC0009,2010,,31063,0,5
,29,IDCJAC0009,2010,,31063,0,5
,30,IDCJAC0009,2010,,31063,0,5
,31,IDCJAC0009,2010,,31063,0,5
,1,IDCJAC0009,2010,,31063,0,6
,2,IDCJAC0009,2010,,31063,0,6
,3,IDCJAC0009,2010,,31063,0,6
,4,IDCJAC0009,2010,,31063,0,6
,5,IDCJAC0009,2010,,31063,0,6
,6,IDCJAC0009,2010,,31063,0,6
,7,IDCJAC0009,2010,,31063,0,6
,8,IDCJAC0009,2010,,31063,0,6
,9,IDCJAC0009,2010,,31063,0,6
,10,IDCJAC0009,2010,,31063,0,6
,11,IDCJAC0009,2010,,31063,0,6
,12,IDCJAC0009,2010,,31063,0,6
,13,IDCJAC0009,2010,,31063,0,6
,14,IDCJAC0009,2010,,31063,0,6
,15,IDCJAC0009,2010,,31063,0,6
,16,IDCJAC0009,2010,,31063,0,6
,17,IDCJAC0009,2010,1,31063,2.8,6
,18,IDCJAC0009,2010,,31063,0,6
,19,IDCJAC0009,2010,,31063,0,6
,20,IDCJAC0009,2010,,31063,0,6
,21,IDCJAC0009,2010,,31063,0,6
,22,IDCJAC0009,2010,,31063,0,6
,23,IDCJAC0009,2010,,31063,0,6
,24,IDCJAC0009,2010,,31063,0,6
,25,IDCJAC0009,2010,1,31063,1,6
,26,IDCJAC0009,2010,1,31063,9.2,6
,27,IDCJAC0009,2010,1,31063,1.2,6
,28,IDCJAC0009,2010,,31063,0,6
,29,IDCJAC0009,2010,,31063,0,6
,30,IDCJAC0009,2010,1,31063,0.4,6
,1,IDCJAC0009,2010,,31063,0,7
,2,IDCJAC0009,2010,1,31063,1.8,7
,3,IDCJAC0009,2010,,31063,0,7
,4,IDCJAC0009,2010,,31063,0,7
,5,IDCJAC0009,2010,1,31063,2.4,7
,6,IDCJAC0009,2010,1,31063,2.2,7
,7,IDCJAC0009,2010,,31063,0,7
,8,IDCJAC0009,2010,,31063,0,7
,9,IDCJAC0009,2010,,31063,0,7
,10,IDCJAC0009,2010,,31063,0,7
,11,IDCJAC0009,2010,,31063,0,7
,12,IDCJAC0009,2010,1,31063,5,7
,13,IDCJAC0009,2010,1,31063,3.2,7
,14,IDCJAC0009,2010,1,31063,1.2,7
,15,IDCJAC0009,2010,,31063,0,7
,16,IDCJAC0009,2010,,31063,0,7
,17,IDCJAC0009,2010,,31063,0,7
,18,IDCJAC0009,2010,,31063,0,7
,19,IDCJAC0009,2010,,31063,0,7
,20,IDCJAC0009,2010,,31063,0,7
,21,IDCJAC0009,2010,,31063,0,7
,22,IDCJAC0009,2010,,31063,0,7
,23,IDCJAC0009,2010,,31063,0,7
,24,IDCJAC0009,2010,1,31063,6,7
,25,IDCJAC0009,2010,1,31063,1.2,7
,26,IDCJAC0009,2010,1,31063,10.4,7
,27,IDCJAC0009,2010,1,31063,4.8,7
,28,IDCJAC0009,2010,,31063,0,7
,29,IDCJAC0009,2010,,31063,0,7
,30,IDCJAC0009,2010,,31063,0,7
,31,IDCJAC0009,2010,,31063,0,7
,1,IDCJAC0009,2010,,31063,0,8
,2,IDCJAC0009,2010,,31063,0,8
,3,IDCJAC0009,2010,,31063,0,8
,4,IDCJAC0009,2010,,31063,0,8
,5,IDCJAC0009,2010,,31063,0,8
,6,IDCJAC0009,2010,,31063,0,8
,7,IDCJAC0009,2010,,31063,0,8
,8,IDCJAC0009,2010,,31063,0,8
,9,IDCJAC0009,2010,,31063,0,8
,10,IDCJAC0009,2010,1,31063,1.2,8
,11,IDCJAC0009,2010,1,31063,4.4,8
,12,IDCJAC0009,2010,,31063,0,8
,13,IDCJAC0009,2010,,31063,0,8
,14,IDCJAC0009,2010,,31063,0,8
,15,IDCJAC0009,2010,,31063,0,8
,16,IDCJAC0009,2010,,31063,0,8
,17,IDCJAC0009,2010,,31063,0,8
,18,IDCJAC0009,2010,,31063,0,8
,19,IDCJAC0009,2010,,31063,0,8
,20,IDCJAC0009,2010,1,31063,4.6,8
,21,IDCJAC0009,2010,,31063,0,8
,22,IDCJAC0009,2010,,31063,0,8
,23,IDCJAC0009,2010,,31063,0,8
,24,IDCJAC0009,2010,,31063,0,8
,25,IDCJAC0009,2010,,31063,0,8
,26,IDCJAC0009,2010,,31063,0,8
,27,IDCJAC0009,2010,,31063,0,8
,28,IDCJAC0009,2010,,31063,0,8
,29,IDCJAC0009,2010,1,31063,1.4,8
,30,IDCJAC0009,2010,1,31063,30.4,8
,31,IDCJAC0009,2010,1,31063,32,8
,1,IDCJAC0009,2010,1,31063,3.4,9
,2,IDCJAC0009,2010,,31063,0,9
,3,IDCJAC0009,2010,,31063,0,9
,4,IDCJAC0009,2010,1,31063,2.4,9
,5,IDCJAC0009,2010,1,31063,34.4,9
,6,IDCJAC0009,2010,,31063,,9
,7,IDCJAC0009,2010,2,31063,6.4,9
,8,IDCJAC0009,2010,,31063,0,9
,9,IDCJAC0009,2010,,31063,0,9
,10,IDCJAC0009,2010,,31063,0,9
,11,IDCJAC0009,2010,,31063,0,9
,12,IDCJAC0009,2010,,31063,0,9
,13,IDCJAC0009,2010,1,31063,2.6,9
,14,IDCJAC0009,2010,1,31063,3,9
,15,IDCJAC0009,2010,,31063,0,9
,16,IDCJAC0009,2010,,31063,0,9
,17,IDCJAC0009,2010,,31063,0,9
,18,IDCJAC0009,2010,1,31063,6.8,9
,19,IDCJAC0009,2010,1,31063,3.2,9
,20,IDCJAC0009,2010,1,31063,43.6,9
,21,IDCJAC0009,2010,1,31063,4.8,9
,22,IDCJAC0009,2010,1,31063,17.8,9
,23,IDCJAC0009,2010,,31063,0,9
,24,IDCJAC0009,2010,,31063,0,9
,25,IDCJAC0009,2010,,31063,0,9
,26,IDCJAC0009,2010,,31063,0,9
,27,IDCJAC0009,2010,1,31063,4,9
,28,IDCJAC0009,2010,,31063,0,9
,29,IDCJAC0009,2010,1,31063,8.6,9
,30,IDCJAC0009,2010,,31063,0,9
,1,IDCJAC0009,2010,1,31063,1.8,10
,2,IDCJAC0009,2010,1,31063,17.2,10
,3,IDCJAC0009,2010,1,31063,40.4,10
,4,IDCJAC0009,2010,1,31063,8.6,10
,5,IDCJAC0009,2010,,31063,0,10
,6,IDCJAC0009,2010,1,31063,6,10
,7,IDCJAC0009,2010,1,31063,11,10
,8,IDCJAC0009,2010,1,31063,2.6,10
,9,IDCJAC0009,2010,1,31063,23,10
,10,IDCJAC0009,2010,1,31063,13.8,10
,11,IDCJAC0009,2010,1,31063,3.6,10
,12,IDCJAC0009,2010,1,31063,0.8,10
,13,IDCJAC0009,2010,,31063,0,10
,14,IDCJAC0009,2010,1,31063,29.8,10
,15,IDCJAC0009,2010,1,31063,19,10
,16,IDCJAC0009,2010,1,31063,3,10
,17,IDCJAC0009,2010,1,31063,14.2,10
,18,IDCJAC0009,2010,,31063,0,10
,19,IDCJAC0009,2010,,31063,0,10
,20,IDCJAC0009,2010,,31063,0,10
,21,IDCJAC0009,2010,1,31063,16.6,10
,22,IDCJAC0009,2010,1,31063,36.2,10
,23,IDCJAC0009,2010,1,31063,7.4,10
,24,IDCJAC0009,2010,,31063,0,10
,25,IDCJAC0009,2010,,31063,0,10
,26,IDCJAC0009,2010,,31063,0,10
,27,IDCJAC0009,2010,,31063,0,10
,28,IDCJAC0009,2010,,31063,0,10
,29,IDCJAC0009,2010,,31063,0,10
,30,IDCJAC0009,2010,,31063,0,10
,31,IDCJAC0009,2010,,31063,0,10
,1,IDCJAC0009,2010,,31063,0,11
,2,IDCJAC0009,2010,,31063,0,11
,3,IDCJAC0009,2010,1,31063,1,11
,4,IDCJAC0009,2010,1,31063,3.4,11
,5,IDCJAC0009,2010,,31063,0,11
,6,IDCJAC0009,2010,,31063,0,11
,7,IDCJAC0009,2010,,31063,0,11
,8,IDCJAC0009,2010,1,31063,1.6,11
,9,IDCJAC0009,2010,,31063,0,11
,10,IDCJAC0009,2010,,31063,0,11
,11,IDCJAC0009,2010,,31063,0,11
,12,IDCJAC0009,2010,,31063,0,11
,13,IDCJAC0009,2010,1,31063,2.4,11
,14,IDCJAC0009,2010,,31063,0,11
,15,IDCJAC0009,2010,1,31063,5.8,11
,16,IDCJAC0009,2010,,31063,0,11
,17,IDCJAC0009,2010,1,31063,5.6,11
,18,IDCJAC0009,2010,1,31063,2.4,11
,19,IDCJAC0009,2010,1,31063,2.8,11
,20,IDCJAC0009,2010,1,31063,19.6,11
,21,IDCJAC0009,2010,1,31063,17,11
,22,IDCJAC0009,2010,,31063,0,11
,23,IDCJAC0009,2010,1,31063,2.2,11
,24,IDCJAC0009,2010,1,31063,27.4,11
,25,IDCJAC0009,2010,1,31063,57.6,11
,26,IDCJAC0009,2010,1,31063,27.4,11
,27,IDCJAC0009,2010,1,31063,40.8,11
,28,IDCJAC0009,2010,,31063,0,11
,29,IDCJAC0009,2010,1,31063,7,11
,30,IDCJAC0009,2010,1,31063,43.8,11
,1,IDCJAC0009,2010,,31063,0,12
,2,IDCJAC0009,2010,,31063,0,12
,3,IDCJAC0009,2010,,31063,0,12
,4,IDCJAC0009,2010,,31063,0,12
,5,IDCJAC0009,2010,,31063,0,12
,6,IDCJAC0009,2010,,31063,0,12
,7,IDCJAC0009,2010,,31063,0,12
,8,IDCJAC0009,2010,,31063,0,12
,9,IDCJAC0009,2010,1,31063,13.4,12
,10,IDCJAC0009,2010,1,31063,3.8,12
,11,IDCJAC0009,2010,,31063,0,12
,12,IDCJAC0009,2010,1,31063,3.4,12
,13,IDCJAC0009,2010,1,31063,61.6,12
,14,IDCJAC0009,2010,1,31063,15.6,12
,15,IDCJAC0009,2010,1,31063,18.4,12
,16,IDCJAC0009,2010,,31063,0,12
,17,IDCJAC0009,2010,,31063,0,12
,18,IDCJAC0009,2010,,31063,0,12
,19,IDCJAC0009,2010,1,31063,7.2,12
,20,IDCJAC0009,2010,1,31063,2,12
,21,IDCJAC0009,2010,1,31063,9.2,12
,22,IDCJAC0009,2010,1,31063,9.4,12
,23,IDCJAC0009,2010,1,31063,86.4,12
,24,IDCJAC0009,2010,1,31063,7.4,12
,25,IDCJAC0009,2010,1,31063,101.6,12
,26,IDCJAC0009,2010,1,31063,22.6,12
,27,IDCJAC0009,2010,1,31063,60.2,12
,28,IDCJAC0009,2010,1,31063,16.2,12
,29,IDCJAC0009,2010,1,31063,0.6,12
,30,IDCJAC0009,2010,1,31063,7.4,12
,31,IDCJAC0009,2010,,31063,0,12
,1,IDCJAC0009,2011,1,31063,28.2,1
,2,IDCJAC0009,2011,1,31063,91,1
,3,IDCJAC0009,2011,1,31063,1.8,1
,4,IDCJAC0009,2011,1,31063,5.8,1
,5,IDCJAC0009,2011,1,31063,6.8,1
,6,IDCJAC0009,2011,,31063,0,1
,7,IDCJAC0009,2011,1,31063,22.2,1
,8,IDCJAC0009,2011,1,31063,0.6,1
,9,IDCJAC0009,2011,,31063,0,1
,10,IDCJAC0009,2011,1,31063,28.8,1
,11,IDCJAC0009,2011,,31063,0,1
,12,IDCJAC0009,2011,1,31063,65,1
,13,IDCJAC0009,2011,,31063,0,1
,14,IDCJAC0009,2011,1,31063,62.2,1
,15,IDCJAC0009,2011,1,31063,36.8,1
,16,IDCJAC0009,2011,1,31063,1.4,1
,17,IDCJAC0009,2011,1,31063,22.2,1
,18,IDCJAC0009,2011,1,31063,8.2,1
,19,IDCJAC0009,2011,1,31063,15.8,1
,20,IDCJAC0009,2011,1,31063,5.2,1
,21,IDCJAC0009,2011,1,31063,6.4,1
,22,IDCJAC0009,2011,1,31063,111,1
,23,IDCJAC0009,2011,1,31063,72.8,1
,24,IDCJAC0009,2011,,31063,0,1
,25,IDCJAC0009,2011,,31063,0,1
,26,IDCJAC0009,2011,,31063,0,1
,27,IDCJAC0009,2011,,31063,0,1
,28,IDCJAC0009,2011,1,31063,2.6,1
,29,IDCJAC0009,2011,,31063,0,1
,30,IDCJAC0009,2011,,31063,,1
,31,IDCJAC0009,2011,2,31063,6.6,1
,1,IDCJAC0009,2011,1,31063,1.8,2
,2,IDCJAC0009,2011,,31063,0,2
,3,IDCJAC0009,2011,1,31063,28.6,2
,4,IDCJAC0009,2011,1,31063,89.2,2
,5,IDCJAC0009,2011,1,31063,78.2,2
,6,IDCJAC0009,2011,1,31063,3.4,2
,7,IDCJAC0009,2011,1,31063,70.8,2
,8,IDCJAC0009,2011,1,31063,8.6,2
,9,IDCJAC0009,2011,1,31063,3.8,2
,10,IDCJAC0009,2011,1,31063,15.8,2
,11,IDCJAC0009,2011,1,31063,15.4,2
,12,IDCJAC0009,2011,1,31063,53.2,2
,13,IDCJAC0009,2011,1,31063,14.8,2
,14,IDCJAC0009,2011,1,31063,2.8,2
,15,IDCJAC0009,2011,,31063,0,2
,16,IDCJAC0009,2011,1,31063,18.6,2
,17,IDCJAC0009,2011,1,31063,24.2,2
,18,IDCJAC0009,2011,,31063,0,2
,19,IDCJAC0009,2011,,31063,0,2
,20,IDCJAC0009,2011,1,31063,6.8,2
,21,IDCJAC0009,2011,1,31063,3.6,2
,22,IDCJAC0009,2011,,31063,0,2
,23,IDCJAC0009,2011,1,31063,14.4,2
,24,IDCJAC0009,2011,1,31063,59.2,2
,25,IDCJAC0009,2011,1,31063,182.2,2
,26,IDCJAC0009,2011,1,31063,62,2
,27,IDCJAC0009,2011,1,31063,168,2
,28,IDCJAC0009,2011,1,31063,66,2
,1,IDCJAC0009,2011,,31063,,3
,2,IDCJAC0009,2011,2,31063,33.4,3
,3,IDCJAC0009,2011,,31063,0,3
,4,IDCJAC0009,2011,1,31063,7.4,3
,5,IDCJAC0009,2011,,31063,0,3
,6,IDCJAC0009,2011,1,31063,36.6,3
,7,IDCJAC0009,2011,1,31063,145.2,3
,8,IDCJAC0009,2011,1,31063,30.2,3
,9,IDCJAC0009,2011,1,31063,20.6,3
,10,IDCJAC0009,2011,1,31063,39.8,3
,11,IDCJAC0009,2011,1,31063,1.4,3
,12,IDCJAC0009,2011,1,31063,7.2,3
,13,IDCJAC0009,2011,1,31063,29.2,3
,14,IDCJAC0009,2011,1,31063,22.8,3
,15,IDCJAC0009,2011,1,31063,6,3
,16,IDCJAC0009,2011,1,31063,45.2,3
,17,IDCJAC0009,2011,1,31063,71.6,3
,18,IDCJAC0009,2011,1,31063,9.4,3
,19,IDCJAC0009,2011,,31063,0,3
,20,IDCJAC0009,2011,,31063,0,3
,21,IDCJAC0009,2011,,31063,0,3
,22,IDCJAC0009,2011,1,31063,5,3
,23,IDCJAC0009,2011,,31063,0,3
,24,IDCJAC0009,2011,1,31063,1.2,3
,25,IDCJAC0009,2011,,31063,0,3
,26,IDCJAC0009,2011,1,31063,2.8,3
,27,IDCJAC0009,2011,,31063,0,3
,28,IDCJAC0009,2011,1,31063,4,3
,29,IDCJAC0009,2011,,31063,0,3
,30,IDCJAC0009,2011,1,31063,1.2,3
,31,IDCJAC0009,2011,,31063,0,3
,1,IDCJAC0009,2011,1,31063,1.6,4
,2,IDCJAC0009,2011,1,31063,10.4,4
,3,IDCJAC0009,2011,1,31063,1.4,4
,4,IDCJAC0009,2011,,31063,0,4
,5,IDCJAC0009,2011,1,31063,14.4,4
,6,IDCJAC0009,2011,1,31063,6.4,4
,7,IDCJAC0009,2011,1,31063,1.2,4
,8,IDCJAC0009,2011,1,31063,13.6,4
,9,IDCJAC0009,2011,,31063,0,4
,10,IDCJAC0009,2011,1,31063,1.8,4
,11,IDCJAC0009,2011,,31063,0,4
,12,IDCJAC0009,2011,,31063,0,4
,13,IDCJAC0009,2011,,31063,0,4
,14,IDCJAC0009,2011,,31063,0,4
,15,IDCJAC0009,2011,,31063,0,4
,16,IDCJAC0009,2011,,31063,0,4
,17,IDCJAC0009,2011,,31063,0,4
,18,IDCJAC0009,2011,,31063,0,4
,19,IDCJAC0009,2011,,31063,0,4
,20,IDCJAC0009,2011,,31063,0,4
,21,IDCJAC0009,2011,,31063,0,4
,22,IDCJAC0009,2011,,31063,0,4
,23,IDCJAC0009,2011,,31063,0,4
,24,IDCJAC0009,2011,,31063,0,4
,25,IDCJAC0009,2011,,31063,0,4
,26,IDCJAC0009,2011,,31063,0,4
,27,IDCJAC0009,2011,1,31063,1.4,4
,28,IDCJAC0009,2011,1,31063,1,4
,29,IDCJAC0009,2011,1,31063,4.8,4
,30,IDCJAC0009,2011,,31063,0,4
,1,IDCJAC0009,2011,,31063,0,5
,2,IDCJAC0009,2011,,31063,0,5
,3,IDCJAC0009,2011,,31063,0,5
,4,IDCJAC0009,2011,,31063,0,5
,5,IDCJAC0009,2011,,31063,0,5
,6,IDCJAC0009,2011,,31063,0,5
,7,IDCJAC0009,2011,,31063,0,5
,8,IDCJAC0009,2011,,31063,0,5
,9,IDCJAC0009,2011,,31063,0,5
,10,IDCJAC0009,2011,,31063,0,5
,11,IDCJAC0009,2011,,31063,0,5
,12,IDCJAC0009,2011,,31063,0,5
,13,IDCJAC0009,2011,,31063,0,5
,14,IDCJAC0009,2011,,31063,0,5
,15,IDCJAC0009,2011,,31063,0,5
,16,IDCJAC0009,2011,1,31063,0.4,5
,17,IDCJAC0009,2011,1,31063,2.8,5
,18,IDCJAC0009,2011,,31063,0,5
,19,IDCJAC0009,2011,1,31063,2.4,5
,20,IDCJAC0009,2011,1,31063,2.6,5
,21,IDCJAC0009,2011,,31063,0,5
,22,IDCJAC0009,2011,1,31063,3.4,5
,23,IDCJAC0009,2011,,31063,0,5
,24,IDCJAC0009,2011,,31063,0,5
,25,IDCJAC0009,2011,,31063,0,5
,26,IDCJAC0009,2011,,31063,0,5
,27,IDCJAC0009,2011,,31063,0,5
,28,IDCJAC0009,2011,,31063,0,5
,29,IDCJAC0009,2011,,31063,0,5
,30,IDCJAC0009,2011,,31063,0,5
,31,IDCJAC0009,2011,,31063,0,5
,1,IDCJAC0009,2011,,31063,0,6
,2,IDCJAC0009,2011,,31063,0,6
,3,IDCJAC0009,2011,,31063,0,6
,4,IDCJAC0009,2011,,31063,0,6
,5,IDCJAC0009,2011,,31063,0,6
,6,IDCJAC0009,2011,,31063,0,6
,7,IDCJAC0009,2011,,31063,0,6
,8,IDCJAC0009,2011,,31063,0,6
,9,IDCJAC0009,2011,,31063,0,6
,10,IDCJAC0009,2011,,31063,0,6
,11,IDCJAC0009,2011,,31063,0,6
,12,IDCJAC0009,2011,,31063,0,6
,13,IDCJAC0009,2011,,31063,0,6
,14,IDCJAC0009,2011,,31063,0,6
,15,IDCJAC0009,2011,,31063,0,6
,16,IDCJAC0009,2011,,31063,0,6
,17,IDCJAC0009,2011,,31063,0,6
,18,IDCJAC0009,2011,,31063,0,6
,19,IDCJAC0009,2011,,31063,0,6
,20,IDCJAC0009,2011,,31063,0,6
,21,IDCJAC0009,2011,,31063,0,6
,22,IDCJAC0009,2011,,31063,0,6
,23,IDCJAC0009,2011,,31063,0,6
,24,IDCJAC0009,2011,,31063,0,6
,25,IDCJAC0009,2011,,31063,0,6
,26,IDCJAC0009,2011,1,31063,0.4,6
,27,IDCJAC0009,2011,1,31063,2,6
,28,IDCJAC0009,2011,1,31063,14.6,6
,29,IDCJAC0009,2011,1,31063,60.6,6
,30,IDCJAC0009,2011,1,31063,7.2,6
,1,IDCJAC0009,2011,1,31063,2.6,7
,2,IDCJAC0009,2011,,31063,0,7
,3,IDCJAC0009,2011,1,31063,1,7
,4,IDCJAC0009,2011,1,31063,0.8,7
,5,IDCJAC0009,2011,,31063,0,7
,6,IDCJAC0009,2011,,31063,0,7
,7,IDCJAC0009,2011,,31063,0,7
,8,IDCJAC0009,2011,,31063,0,7
,9,IDCJAC0009,2011,,31063,0,7
,10,IDCJAC0009,2011,,31063,0,7
,11,IDCJAC0009,2011,,31063,0,7
,12,IDCJAC0009,2011,,31063,0,7
,13,IDCJAC0009,2011,,31063,0,7
,14,IDCJAC0009,2011,,31063,0,7
,15,IDCJAC0009,2011,,31063,0,7
,16,IDCJAC0009,2011,,31063,0,7
,17,IDCJAC0009,2011,1,31063,1.4,7
,18,IDCJAC0009,2011,,31063,0,7
,19,IDCJAC0009,2011,,31063,0,7
,20,IDCJAC0009,2011,,31063,0,7
,21,IDCJAC0009,2011,,31063,0,7
,22,IDCJAC0009,2011,,31063,0,7
,23,IDCJAC0009,2011,,31063,0,7
,24,IDCJAC0009,2011,,31063,0,7
,25,IDCJAC0009,2011,,31063,0,7
,26,IDCJAC0009,2011,,31063,0,7
,27,IDCJAC0009,2011,1,31063,7.4,7
,28,IDCJAC0009,2011,,31063,0,7
,29,IDCJAC0009,2011,,31063,0,7
,30,IDCJAC0009,2011,,31063,0,7
,31,IDCJAC0009,2011,,31063,0,7
,1,IDCJAC0009,2011,,31063,0,8
,2,IDCJAC0009,2011,,31063,0,8
,3,IDCJAC0009,2011,,31063,0,8
,4,IDCJAC0009,2011,1,31063,4.4,8
,5,IDCJAC0009,2011,1,31063,1.4,8
,6,IDCJAC0009,2011,1,31063,3.6,8
,7,IDCJAC0009,2011,1,31063,5.6,8
,8,IDCJAC0009,2011,1,31063,0.8,8
,9,IDCJAC0009,2011,,31063,0,8
,10,IDCJAC0009,2011,,31063,0,8
,11,IDCJAC0009,2011,,31063,0,8
,12,IDCJAC0009,2011,,31063,0,8
,13,IDCJAC0009,2011,,31063,0,8
,14,IDCJAC0009,2011,,31063,0,8
,15,IDCJAC0009,2011,,31063,0,8
,16,IDCJAC0009,2011,1,31063,3.6,8
,17,IDCJAC0009,2011,,31063,0,8
,18,IDCJAC0009,2011,,31063,0,8
,19,IDCJAC0009,2011,,31063,0,8
,20,IDCJAC0009,2011,,31063,0,8
,21,IDCJAC0009,2011,,31063,0,8
,22,IDCJAC0009,2011,,31063,0,8
,23,IDCJAC0009,2011,,31063,0,8
,24,IDCJAC0009,2011,,31063,0,8
,25,IDCJAC0009,2011,,31063,0,8
,26,IDCJAC0009,2011,,31063,0,8
,27,IDCJAC0009,2011,,31063,0,8
,28,IDCJAC0009,2011,1,31063,0.2,8
,29,IDCJAC0009,2011,,31063,0,8
,30,IDCJAC0009,2011,,31063,0,8
,31,IDCJAC0009,2011,,31063,0,8
,1,IDCJAC0009,2011,,31063,0,9
,2,IDCJAC0009,2011,1,31063,1.2,9
,3,IDCJAC0009,2011,,31063,0,9
,4,IDCJAC0009,2011,1,31063,6.8,9
,5,IDCJAC0009,2011,1,31063,8.6,9
,6,IDCJAC0009,2011,,31063,0,9
,7,IDCJAC0009,2011,,31063,0,9
,8,IDCJAC0009,2011,,31063,0,9
,9,IDCJAC0009,2011,,31063,0,9
,10,IDCJAC0009,2011,,31063,0,9
,11,IDCJAC0009,2011,,31063,0,9
,12,IDCJAC0009,2011,,31063,0,9
,13,IDCJAC0009,2011,,31063,0,9
,14,IDCJAC0009,2011,,31063,0,9
,15,IDCJAC0009,2011,,31063,0,9
,16,IDCJAC0009,2011,,31063,0,9
,17,IDCJAC0009,2011,,31063,0,9
,18,IDCJAC0009,2011,,31063,0,9
,19,IDCJAC0009,2011,,31063,0,9
,20,IDCJAC0009,2011,,31063,0,9
,21,IDCJAC0009,2011,,31063,0,9
,22,IDCJAC0009,2011,,31063,0,9
,23,IDCJAC0009,2011,,31063,0,9
,24,IDCJAC0009,2011,,31063,0,9
,25,IDCJAC0009,2011,,31063,0,9
,26,IDCJAC0009,2011,,31063,0,9
,27,IDCJAC0009,2011,,31063,0,9
,28,IDCJAC0009,2011,,31063,0,9
,29,IDCJAC0009,2011,,31063,0,9
,30,IDCJAC0009,2011,,31063,0,9
,1,IDCJAC0009,2011,,31063,0,10
,2,IDCJAC0009,2011,,31063,0,10
,3,IDCJAC0009,2011,,31063,0,10
,4,IDCJAC0009,2011,,31063,0,10
,5,IDCJAC0009,2011,,31063,0,10
,6,IDCJAC0009,2011,,31063,0,10
,7,IDCJAC0009,2011,,31063,0,10
,8,IDCJAC0009,2011,,31063,0,10
,9,IDCJAC0009,2011,,31063,0,10
,10,IDCJAC0009,2011,,31063,0,10
,11,IDCJAC0009,2011,,31063,0,10
,12,IDCJAC0009,2011,,31063,0,10
,13,IDCJAC0009,2011,,31063,0,10
,14,IDCJAC0009,2011,,31063,0,10
,15,IDCJAC0009,2011,,31063,0,10
,16,IDCJAC0009,2011,1,31063,11.4,10
,17,IDCJAC0009,2011,,31063,0,10
,18,IDCJAC0009,2011,1,31063,37,10
,19,IDCJAC0009,2011,1,31063,189.2,10
,20,IDCJAC0009,2011,1,31063,148.8,10
,21,IDCJAC0009,2011,1,31063,24,10
,22,IDCJAC0009,2011,1,31063,19.4,10
,23,IDCJAC0009,2011,,31063,0,10
,24,IDCJAC0009,2011,1,31063,0.8,10
,25,IDCJAC0009,2011,,31063,0,10
,26,IDCJAC0009,2011,,31063,0,10
,27,IDCJAC0009,2011,,31063,0,10
,28,IDCJAC0009,2011,,31063,0,10
,29,IDCJAC0009,2011,,31063,0,10
,30,IDCJAC0009,2011,,31063,0,10
,31,IDCJAC0009,2011,,31063,0,10
,1,IDCJAC0009,2011,,31063,0,11
,2,IDCJAC0009,2011,1,31063,9.8,11
,3,IDCJAC0009,2011,1,31063,2.6,11
,4,IDCJAC0009,2011,,31063,0,11
,5,IDCJAC0009,2011,1,31063,1.2,11
,6,IDCJAC0009,2011,1,31063,21.8,11
,7,IDCJAC0009,2011,1,31063,9.6,11
,8,IDCJAC0009,2011,1,31063,0.4,11
,9,IDCJAC0009,2011,,31063,0,11
,10,IDCJAC0009,2011,,31063,0,11
,11,IDCJAC0009,2011,,31063,0,11
,12,IDCJAC0009,2011,,31063,0,11
,13,IDCJAC0009,2011,1,31063,5.4,11
,14,IDCJAC0009,2011,,31063,0,11
,15,IDCJAC0009,2011,,31063,0,11
,16,IDCJAC0009,2011,,31063,0,11
,17,IDCJAC0009,2011,,31063,0,11
,18,IDCJAC0009,2011,,31063,0,11
,19,IDCJAC0009,2011,1,31063,0.6,11
,20,IDCJAC0009,2011,1,31063,6.2,11
,21,IDCJAC0009,2011,,31063,0,11
,22,IDCJAC0009,2011,1,31063,0.8,11
,23,IDCJAC0009,2011,1,31063,1.2,11
,24,IDCJAC0009,2011,1,31063,6,11
,25,IDCJAC0009,2011,1,31063,36.2,11
,26,IDCJAC0009,2011,1,31063,12.8,11
,27,IDCJAC0009,2011,,31063,0,11
,28,IDCJAC0009,2011,,31063,0,11
,29,IDCJAC0009,2011,,31063,0,11
,30,IDCJAC0009,2011,1,31063,0.8,11
,1,IDCJAC0009,2011,1,31063,8.8,12
,2,IDCJAC0009,2011,,31063,0,12
,3,IDCJAC0009,2011,,31063,0,12
,4,IDCJAC0009,2011,1,31063,24,12
,5,IDCJAC0009,2011,1,31063,10,12
,6,IDCJAC0009,2011,1,31063,8,12
,7,IDCJAC0009,2011,1,31063,0.6,12
,8,IDCJAC0009,2011,1,31063,0.8,12
,9,IDCJAC0009,2011,,31063,0,12
,10,IDCJAC0009,2011,,31063,,12
,11,IDCJAC0009,2011,2,31063,8.2,12
,12,IDCJAC0009,2011,,31063,0,12
,13,IDCJAC0009,2011,1,31063,13.8,12
,14,IDCJAC0009,2011,,31063,0,12
,15,IDCJAC0009,2011,,31063,0,12
,16,IDCJAC0009,2011,1,31063,9.6,12
,17,IDCJAC0009,2011,1,31063,57.4,12
,18,IDCJAC0009,2011,1,31063,1.8,12
,19,IDCJAC0009,2011,1,31063,4.2,12
,20,IDCJAC0009,2011,1,31063,2,12
,21,IDCJAC0009,2011,,31063,0,12
,22,IDCJAC0009,2011,,31063,0,12
,23,IDCJAC0009,2011,,31063,0,12
,24,IDCJAC0009,2011,,31063,0,12
,25,IDCJAC0009,2011,,31063,0,12
,26,IDCJAC0009,2011,,31063,0,12
,27,IDCJAC0009,2011,,31063,0,12
,28,IDCJAC0009,2011,1,31063,31.6,12
,29,IDCJAC0009,2011,1,31063,7.2,12
,30,IDCJAC0009,2011,1,31063,50,12
,31,IDCJAC0009,2011,1,31063,7.4,12
,1,IDCJAC0009,2012,,31063,0,1
,2,IDCJAC0009,2012,1,31063,1.6,1
,3,IDCJAC0009,2012,,31063,0,1
,4,IDCJAC0009,2012,1,31063,6.2,1
,5,IDCJAC0009,2012,1,31063,0.8,1
,6,IDCJAC0009,2012,,31063,0,1
,7,IDCJAC0009,2012,,31063,0,1
,8,IDCJAC0009,2012,,31063,0,1
,9,IDCJAC0009,2012,,31063,0,1
,10,IDCJAC0009,2012,,31063,0,1
,11,IDCJAC0009,2012,,31063,0,1
,12,IDCJAC0009,2012,,31063,0,1
,13,IDCJAC0009,2012,,31063,0,1
,14,IDCJAC0009,2012,1,31063,0.6,1
,15,IDCJAC0009,2012,,31063,0,1
,16,IDCJAC0009,2012,1,31063,65.4,1
,17,IDCJAC0009,2012,1,31063,0.4,1
,18,IDCJAC0009,2012,1,31063,1.4,1
,19,IDCJAC0009,2012,1,31063,40.6,1
,20,IDCJAC0009,2012,1,31063,7.8,1
,21,IDCJAC0009,2012,1,31063,2,1
,22,IDCJAC0009,2012,1,31063,5.8,1
,23,IDCJAC0009,2012,1,31063,0.6,1
,24,IDCJAC0009,2012,1,31063,18,1
,25,IDCJAC0009,2012,1,31063,54.2,1
,26,IDCJAC0009,2012,1,31063,24.8,1
,27,IDCJAC0009,2012,1,31063,13.8,1
,28,IDCJAC0009,2012,1,31063,3.8,1
,29,IDCJAC0009,2012,1,31063,5.4,1
,30,IDCJAC0009,2012,,31063,0,1
,31,IDCJAC0009,2012,,31063,,1
,1,IDCJAC0009,2012,1,31063,18.2,2
,2,IDCJAC0009,2012,1,31063,31.2,2
,3,IDCJAC0009,2012,1,31063,5,2
,4,IDCJAC0009,2012,1,31063,51.6,2
,5,IDCJAC0009,2012,1,31063,0.4,2
,6,IDCJAC0009,2012,,31063,0,2
,7,IDCJAC0009,2012,,31063,0,2
,8,IDCJAC0009,2012,,31063,0,2
,9,IDCJAC0009,2012,,31063,0,2
,10,IDCJAC0009,2012,1,31063,4.6,2
,11,IDCJAC0009,2012,1,31063,3.6,2
,12,IDCJAC0009,2012,,31063,0,2
,13,IDCJAC0009,2012,,31063,0,2
,14,IDCJAC0009,2012,,31063,0,2
,15,IDCJAC0009,2012,,31063,0,2
,16,IDCJAC0009,2012,1,31063,2,2
,17,IDCJAC0009,2012,1,31063,39.6,2
,18,IDCJAC0009,2012,,31063,0,2
,19,IDCJAC0009,2012,1,31063,3.6,2
,20,IDCJAC0009,2012,1,31063,34.4,2
,21,IDCJAC0009,2012,,31063,0,2
,22,IDCJAC0009,2012,1,31063,41.2,2
,23,IDCJAC0009,2012,,31063,0,2
,24,IDCJAC0009,2012,1,31063,19.2,2
,25,IDCJAC0009,2012,1,31063,15.6,2
,26,IDCJAC0009,2012,1,31063,6.6,2
,27,IDCJAC0009,2012,,31063,0,2
,28,IDCJAC0009,2012,1,31063,51.6,2
,29,IDCJAC0009,2012,1,31063,55.4,2
,1,IDCJAC0009,2012,1,31063,44.6,3
,2,IDCJAC0009,2012,1,31063,6,3
,3,IDCJAC0009,2012,1,31063,15.6,3
,4,IDCJAC0009,2012,1,31063,52.6,3
,5,IDCJAC0009,2012,1,31063,17.8,3
,6,IDCJAC0009,2012,,31063,0,3
,7,IDCJAC0009,2012,,31063,0,3
,8,IDCJAC0009,2012,,31063,0,3
,9,IDCJAC0009,2012,1,31063,8.6,3
,10,IDCJAC0009,2012,1,31063,15.8,3
,11,IDCJAC0009,2012,1,31063,21.4,3
,12,IDCJAC0009,2012,1,31063,17.8,3
,13,IDCJAC0009,2012,1,31063,124.8,3
,14,IDCJAC0009,2012,1,31063,61.2,3
,15,IDCJAC0009,2012,1,31063,30.6,3
,16,IDCJAC0009,2012,1,31063,23.6,3
,17,IDCJAC0009,2012,1,31063,23.2,3
,18,IDCJAC0009,2012,1,31063,226.8,3
,19,IDCJAC0009,2012,1,31063,132.4,3
,20,IDCJAC0009,2012,1,31063,175.8,3
,21,IDCJAC0009,2012,1,31063,0.8,3
,22,IDCJAC0009,2012,1,31063,1.6,3
,23,IDCJAC0009,2012,,31063,0,3
,24,IDCJAC0009,2012,1,31063,9.8,3
,25,IDCJAC0009,2012,,31063,0,3
,26,IDCJAC0009,2012,1,31063,84.6,3
,27,IDCJAC0009,2012,1,31063,99.8,3
,28,IDCJAC0009,2012,1,31063,10.8,3
,29,IDCJAC0009,2012,,31063,0,3
,30,IDCJAC0009,2012,,31063,0,3
,31,IDCJAC0009,2012,,31063,0,3
,1,IDCJAC0009,2012,,31063,0,4
,2,IDCJAC0009,2012,,31063,0,4
,3,IDCJAC0009,2012,,31063,0,4
,4,IDCJAC0009,2012,,31063,0,4
,5,IDCJAC0009,2012,,31063,0,4
,6,IDCJAC0009,2012,,31063,0,4
,7,IDCJAC0009,2012,,31063,0,4
,8,IDCJAC0009,2012,,31063,0,4
,9,IDCJAC0009,2012,,31063,0,4
,10,IDCJAC0009,2012,,31063,0,4
,11,IDCJAC0009,2012,,31063,0,4
,12,IDCJAC0009,2012,1,31063,28.2,4
,13,IDCJAC0009,2012,1,31063,42.4,4
,14,IDCJAC0009,2012,1,31063,5.4,4
,15,IDCJAC0009,2012,1,31063,2.4,4
,16,IDCJAC0009,2012,1,31063,43.2,4
,17,IDCJAC0009,2012,1,31063,3.2,4
,18,IDCJAC0009,2012,,31063,0,4
,19,IDCJAC0009,2012,,31063,0,4
,20,IDCJAC0009,2012,,31063,0,4
,21,IDCJAC0009,2012,,31063,0,4
,22,IDCJAC0009,2012,,31063,0,4
,23,IDCJAC0009,2012,,31063,0,4
,24,IDCJAC0009,2012,,31063,0,4
,25,IDCJAC0009,2012,,31063,0,4
,26,IDCJAC0009,2012,,31063,0,4
,27,IDCJAC0009,2012,1,31063,0.2,4
,28,IDCJAC0009,2012,1,31063,6.4,4
,29,IDCJAC0009,2012,,31063,0,4
,30,IDCJAC0009,2012,,31063,0,4
,1,IDCJAC0009,2012,,31063,0,5
,2,IDCJAC0009,2012,,31063,0,5
,3,IDCJAC0009,2012,,31063,0,5
,4,IDCJAC0009,2012,,31063,0,5
,5,IDCJAC0009,2012,,31063,0,5
,6,IDCJAC0009,2012,,31063,0,5
,7,IDCJAC0009,2012,,31063,0,5
,8,IDCJAC0009,2012,,31063,0,5
,9,IDCJAC0009,2012,,31063,0,5
,10,IDCJAC0009,2012,,31063,0,5
,11,IDCJAC0009,2012,,31063,0,5
,12,IDCJAC0009,2012,1,31063,3.2,5
,13,IDCJAC0009,2012,,31063,0,5
,14,IDCJAC0009,2012,,31063,0,5
,15,IDCJAC0009,2012,,31063,0,5
,16,IDCJAC0009,2012,,31063,0,5
,17,IDCJAC0009,2012,,31063,0,5
,18,IDCJAC0009,2012,1,31063,8.8,5
,19,IDCJAC0009,2012,1,31063,5,5
,20,IDCJAC0009,2012,,31063,0,5
,21,IDCJAC0009,2012,1,31063,16.6,5
,22,IDCJAC0009,2012,1,31063,17.4,5
,23,IDCJAC0009,2012,1,31063,6.8,5
,24,IDCJAC0009,2012,1,31063,3.6,5
,25,IDCJAC0009,2012,1,31063,97.4,5
,26,IDCJAC0009,2012,1,31063,3.4,5
,27,IDCJAC0009,2012,,31063,0,5
,28,IDCJAC0009,2012,,31063,0,5
,29,IDCJAC0009,2012,,31063,0,5
,30,IDCJAC0009,2012,,31063,0,5
,31,IDCJAC0009,2012,1,31063,4.8,5
,1,IDCJAC0009,2012,1,31063,6.6,6
,2,IDCJAC0009,2012,1,31063,22.8,6
,3,IDCJAC0009,2012,1,31063,1.6,6
,4,IDCJAC0009,2012,,31063,0,6
,5,IDCJAC0009,2012,,31063,0,6
,6,IDCJAC0009,2012,,31063,0,6
,7,IDCJAC0009,2012,,31063,0,6
,8,IDCJAC0009,2012,,31063,0,6
,9,IDCJAC0009,2012,,31063,0,6
,10,IDCJAC0009,2012,,31063,0,6
,11,IDCJAC0009,2012,,31063,0,6
,12,IDCJAC0009,2012,,31063,0,6
,13,IDCJAC0009,2012,,31063,0,6
,14,IDCJAC0009,2012,,31063,0,6
,15,IDCJAC0009,2012,,31063,0,6
,16,IDCJAC0009,2012,,31063,0,6
,17,IDCJAC0009,2012,,31063,0,6
,18,IDCJAC0009,2012,,31063,0,6
,19,IDCJAC0009,2012,,31063,0,6
,20,IDCJAC0009,2012,,31063,0,6
,21,IDCJAC0009,2012,,31063,0,6
,22,IDCJAC0009,2012,,31063,0,6
,23,IDCJAC0009,2012,,31063,0,6
,24,IDCJAC0009,2012,,31063,0,6
,25,IDCJAC0009,2012,,31063,0,6
,26,IDCJAC0009,2012,1,31063,1.2,6
,27,IDCJAC0009,2012,1,31063,1.4,6
,28,IDCJAC0009,2012,,31063,0,6
,29,IDCJAC0009,2012,1,31063,0.6,6
,30,IDCJAC0009,2012,,31063,0,6
,1,IDCJAC0009,2012,,31063,0,7
,2,IDCJAC0009,2012,,31063,0,7
,3,IDCJAC0009,2012,,31063,0,7
,4,IDCJAC0009,2012,,31063,0,7
,5,IDCJAC0009,2012,,31063,0,7
,6,IDCJAC0009,2012,,31063,0,7
,7,IDCJAC0009,2012,,31063,0,7
,8,IDCJAC0009,2012,,31063,0,7
,9,IDCJAC0009,2012,1,31063,5.2,7
,10,IDCJAC0009,2012,1,31063,44.6,7
,11,IDCJAC0009,2012,1,31063,0.8,7
,12,IDCJAC0009,2012,,31063,0,7
,13,IDCJAC0009,2012,,31063,0,7
,14,IDCJAC0009,2012,1,31063,1.2,7
,15,IDCJAC0009,2012,,31063,0,7
,16,IDCJAC0009,2012,,31063,0,7
,17,IDCJAC0009,2012,,31063,0,7
,18,IDCJAC0009,2012,,31063,0,7
,19,IDCJAC0009,2012,,31063,0,7
,20,IDCJAC0009,2012,,31063,0,7
,21,IDCJAC0009,2012,,31063,0,7
,22,IDCJAC0009,2012,,31063,0,7
,23,IDCJAC0009,2012,,31063,0,7
,24,IDCJAC0009,2012,,31063,0,7
,25,IDCJAC0009,2012,,31063,0,7
,26,IDCJAC0009,2012,,31063,0,7
,27,IDCJAC0009,2012,,31063,0,7
,28,IDCJAC0009,2012,,31063,0,7
,29,IDCJAC0009,2012,,31063,0,7
,30,IDCJAC0009,2012,,31063,0,7
,31,IDCJAC0009,2012,,31063,0,7
,1,IDCJAC0009,2012,,31063,0,8
,2,IDCJAC0009,2012,,31063,0,8
,3,IDCJAC0009,2012,,31063,0,8
,4,IDCJAC0009,2012,,31063,0,8
,5,IDCJAC0009,2012,,31063,0,8
,6,IDCJAC0009,2012,,31063,0,8
,7,IDCJAC0009,2012,,31063,0,8
,8,IDCJAC0009,2012,,31063,0,8
,9,IDCJAC0009,2012,,31063,0,8
,10,IDCJAC0009,2012,,31063,0,8
,11,IDCJAC0009,2012,,31063,0,8
,12,IDCJAC0009,2012,,31063,0,8
,13,IDCJAC0009,2012,,31063,0,8
,14,IDCJAC0009,2012,,31063,0,8
,15,IDCJAC0009,2012,1,31063,2.2,8
,16,IDCJAC0009,2012,,31063,0,8
,17,IDCJAC0009,2012,,31063,0,8
,18,IDCJAC0009,2012,,31063,0,8
,19,IDCJAC0009,2012,,31063,0,8
,20,IDCJAC0009,2012,1,31063,0.2,8
,21,IDCJAC0009,2012,1,31063,0.2,8
,22,IDCJAC0009,2012,1,31063,2.6,8
,23,IDCJAC0009,2012,1,31063,8.2,8
,24,IDCJAC0009,2012,,31063,0,8
,25,IDCJAC0009,2012,,31063,0,8
,26,IDCJAC0009,2012,,31063,0,8
,27,IDCJAC0009,2012,,31063,0,8
,28,IDCJAC0009,2012,,31063,0,8
,29,IDCJAC0009,2012,1,31063,1,8
,30,IDCJAC0009,2012,,31063,0,8
,31,IDCJAC0009,2012,,31063,0,8
,1,IDCJAC0009,2012,,31063,0,9
,2,IDCJAC0009,2012,,31063,0,9
,3,IDCJAC0009,2012,,31063,0,9
,4,IDCJAC0009,2012,,31063,0,9
,5,IDCJAC0009,2012,,31063,0,9
,6,IDCJAC0009,2012,1,31063,3.2,9
,7,IDCJAC0009,2012,,31063,0,9
,8,IDCJAC0009,2012,,31063,0,9
,9,IDCJAC0009,2012,,31063,0,9
,10,IDCJAC0009,2012,1,31063,0.2,9
,11,IDCJAC0009,2012,1,31063,2.2,9
,12,IDCJAC0009,2012,1,31063,2.4,9
,13,IDCJAC0009,2012,,31063,0,9
,14,IDCJAC0009,2012,1,31063,1.4,9
,15,IDCJAC0009,2012,,31063,0,9
,16,IDCJAC0009,2012,1,31063,0.4,9
,17,IDCJAC0009,2012,,31063,0,9
,18,IDCJAC0009,2012,1,31063,2,9
,19,IDCJAC0009,2012,,31063,0,9
,20,IDCJAC0009,2012,,31063,0,9
,21,IDCJAC0009,2012,,31063,0,9
,22,IDCJAC0009,2012,,31063,0,9
,23,IDCJAC0009,2012,,31063,0,9
,24,IDCJAC0009,2012,,31063,0,9
,25,IDCJAC0009,2012,,31063,0,9
,26,IDCJAC0009,2012,,31063,0,9
,27,IDCJAC0009,2012,,31063,0,9
,28,IDCJAC0009,2012,1,31063,9.4,9
,29,IDCJAC0009,2012,1,31063,1.4,9
,30,IDCJAC0009,2012,,31063,0,9
,1,IDCJAC0009,2012,,31063,0,10
,2,IDCJAC0009,2012,,31063,0,10
,3,IDCJAC0009,2012,1,31063,22.2,10
,4,IDCJAC0009,2012,1,31063,18.8,10
,5,IDCJAC0009,2012,1,31063,4.2,10
,6,IDCJAC0009,2012,1,31063,1.2,10
,7,IDCJAC0009,2012,,31063,0,10
,8,IDCJAC0009,2012,,31063,0,10
,9,IDCJAC0009,2012,,31063,0,10
,10,IDCJAC0009,2012,,31063,0,10
,11,IDCJAC0009,2012,,31063,0,10
,12,IDCJAC0009,2012,,31063,0,10
,13,IDCJAC0009,2012,,31063,0,10
,14,IDCJAC0009,2012,,31063,0,10
,15,IDCJAC0009,2012,,31063,0,10
,16,IDCJAC0009,2012,,31063,0,10
,17,IDCJAC0009,2012,1,31063,1.8,10
,18,IDCJAC0009,2012,,31063,0,10
,19,IDCJAC0009,2012,1,31063,0.4,10
,20,IDCJAC0009,2012,,31063,0,10
,21,IDCJAC0009,2012,,31063,0,10
,22,IDCJAC0009,2012,,31063,0,10
,23,IDCJAC0009,2012,,31063,0,10
,24,IDCJAC0009,2012,1,31063,9.6,10
,25,IDCJAC0009,2012,1,31063,0.6,10
,26,IDCJAC0009,2012,,31063,0,10
,27,IDCJAC0009,2012,,31063,0,10
,28,IDCJAC0009,2012,,31063,0,10
,29,IDCJAC0009,2012,,31063,0,10
,30,IDCJAC0009,2012,,31063,0,10
,31,IDCJAC0009,2012,,31063,0,10
,1,IDCJAC0009,2012,,31063,0,11
,2,IDCJAC0009,2012,,31063,0,11
,3,IDCJAC0009,2012,,31063,0,11
,4,IDCJAC0009,2012,,31063,0,11
,5,IDCJAC0009,2012,,31063,0,11
,6,IDCJAC0009,2012,1,31063,6.2,11
,7,IDCJAC0009,2012,,31063,0,11
,8,IDCJAC0009,2012,,31063,0,11
,9,IDCJAC0009,2012,,31063,0,11
,10,IDCJAC0009,2012,1,31063,0.6,11
,11,IDCJAC0009,2012,1,31063,1.4,11
,12,IDCJAC0009,2012,1,31063,3.4,11
,13,IDCJAC0009,2012,,31063,0,11
,14,IDCJAC0009,2012,1,31063,0.6,11
,15,IDCJAC0009,2012,1,31063,5.2,11
,16,IDCJAC0009,2012,,31063,0,11
,17,IDCJAC0009,2012,,31063,0,11
,18,IDCJAC0009,2012,1,31063,13.4,11
,19,IDCJAC0009,2012,1,31063,2.2,11
,20,IDCJAC0009,2012,1,31063,0.8,11
,21,IDCJAC0009,2012,,31063,0,11
,22,IDCJAC0009,2012,,31063,0,11
,23,IDCJAC0009,2012,,31063,0,11
,24,IDCJAC0009,2012,,31063,0,11
,25,IDCJAC0009,2012,,31063,0,11
,26,IDCJAC0009,2012,1,31063,0.4,11
,27,IDCJAC0009,2012,,31063,0,11
,28,IDCJAC0009,2012,,31063,0,11
,29,IDCJAC0009,2012,,31063,0,11
,30,IDCJAC0009,2012,,31063,0,11
,1,IDCJAC0009,2012,1,31063,6.2,12
,2,IDCJAC0009,2012,,31063,0,12
,3,IDCJAC0009,2012,,31063,0,12
,4,IDCJAC0009,2012,,31063,0,12
,5,IDCJAC0009,2012,,31063,0,12
,6,IDCJAC0009,2012,,31063,0,12
,7,IDCJAC0009,2012,1,31063,7.2,12
,8,IDCJAC0009,2012,,31063,0,12
,9,IDCJAC0009,2012,,31063,0,12
,10,IDCJAC0009,2012,,31063,0,12
,11,IDCJAC0009,2012,1,31063,1.6,12
,12,IDCJAC0009,2012,1,31063,1.2,12
,13,IDCJAC0009,2012,,31063,0,12
,14,IDCJAC0009,2012,,31063,0,12
,15,IDCJAC0009,2012,,31063,0,12
,16,IDCJAC0009,2012,,31063,0,12
,17,IDCJAC0009,2012,,31063,0,12
,18,IDCJAC0009,2012,,31063,0,12
,19,IDCJAC0009,2012,,31063,0,12
,20,IDCJAC0009,2012,,31063,0,12
,21,IDCJAC0009,2012,,31063,0,12
,22,IDCJAC0009,2012,,31063,0,12
,23,IDCJAC0009,2012,,31063,0,12
,24,IDCJAC0009,2012,1,31063,9,12
,25,IDCJAC0009,2012,,31063,0,12
,26,IDCJAC0009,2012,1,31063,8.8,12
,27,IDCJAC0009,2012,,31063,0,12
,28,IDCJAC0009,2012,1,31063,2.2,12
,29,IDCJAC0009,2012,,31063,0,12
,30,IDCJAC0009,2012,,31063,0,12
,31,IDCJAC0009,2012,1,31063,1.4,12
